,Unnamed: 0,Statecode,Districtcode,VillageCode,Population,Males,Females,0-4,5-9,10-14,15-19,20-24,25-29,30-34,35-39,40-44,45-49,50-54,55-59,60-64,65-69,70-74,75-79,80+,Age not stated
0,0,21,391,3787100,381,196,185,37,39,45,35,31,30,26,26,22,19,15,13,14,8,6,2,2,0
1,1,21,391,3787200,655,309,346,65,67,77,60,53,51,46,46,39,33,26,23,25,15,11,4,4,1
2,2,21,391,3787300,461,243,218,45,47,54,42,37,36,32,32,27,23,18,16,17,10,8,3,3,1
3,3,21,391,3787400,0,0,0,0,0,0,0,0,0,0,0,0,0,0,0,0,0,0,0,0,0
4,4,21,391,3787500,504,268,236,50,52,59,46,41,39,35,35,30,25,20,17,19,11,8,3,3,1
5,5,21,391,3787600,490,228,262,48,50,58,45,40,38,34,34,29,25,19,17,18,11,8,3,3,1
6,6,21,391,3787700,131,66,65,13,13,15,12,10,10,9,9,7,6,5,4,5,3,2,0,0,0
7,7,21,391,3787800,391,189,202,38,40,46,35,32,30,27,27,23,20,15,13,15,9,6,2,2,0
8,8,21,391,3787900,113,54,59,11,11,13,10,9,8,7,7,6,5,4,4,4,2,1,0,0,0
9,9,21,391,3788000,1443,725,718,143,149,171,132,118,114,101,102,87,74,58,51,55,33,25,10,10,3
10,10,21,391,3788100,0,0,0,0,0,0,0,0,0,0,0,0,0,0,0,0,0,0,0,0,0
11,11,21,391,3788200,271,141,130,26,28,32,24,22,21,19,19,16,13,11,9,10,6,4,1,2,0
12,12,21,391,3788300,671,324,347,66,69,79,61,54,53,47,47,40,34,27,23,25,15,11,4,4,1
13,13,21,391,3788400,339,173,166,33,35,40,31,27,26,23,23,20,17,13,12,13,7,5,2,2,0
14,14,21,391,3788500,252,128,124,25,26,29,23,20,19,17,17,15,12,10,8,9,5,4,1,1,0
15,15,21,391,3788600,426,209,217,42,44,50,39,34,33,29,30,25,21,17,15,16,9,7,3,3,1
16,16,21,391,3788700,126,60,66,12,13,14,11,10,9,8,8,7,6,5,4,4,2,2,0,0,0
17,17,21,391,3788800,323,151,172,32,33,38,29,26,25,22,22,19,16,13,11,12,7,5,2,2,0
18,18,21,391,3788900,150,75,75,14,15,17,13,12,11,10,10,9,7,6,5,5,3,2,1,1,0
19,19,21,391,3789000,0,0,0,0,0,0,0,0,0,0,0,0,0,0,0,0,0,0,0,0,0
20,20,21,391,3789100,102,57,45,10,10,12,9,8,8,7,7,6,5,4,3,3,2,1,0,0,0
21,21,21,391,3789200,269,147,122,26,27,31,24,22,21,18,19,16,13,10,9,10,6,4,1,2,0
22,22,21,391,3789300,15,9,6,1,1,1,1,1,1,1,1,0,0,0,0,0,0,0,0,0,0
23,23,21,391,3789400,278,135,143,27,28,32,25,22,21,19,19,16,14,11,9,10,6,4,1,2,0
24,24,21,391,3789500,76,42,34,7,7,9,6,6,6,5,5,4,3,3,2,2,1,1,0,0,0
25,25,21,391,3789600,93,46,47,9,9,11,8,7,7,6,6,5,4,3,3,3,2,1,0,0,0
26,26,21,391,3789700,297,152,145,29,30,35,27,24,23,20,21,17,15,12,10,11,6,5,2,2,0
27,27,21,391,3789800,269,129,140,26,27,31,24,22,21,18,19,16,13,10,9,10,6,4,1,2,0
28,28,21,391,3789900,166,87,79,16,17,19,15,13,13,11,11,10,8,6,5,6,3,2,1,1,0
29,29,21,391,3790000,202,92,110,20,20,23,18,16,15,14,14,12,10,8,7,7,4,3,1,1,0
30,30,21,391,3790100,161,74,87,16,16,19,14,13,12,11,11,9,8,6,5,6,3,2,1,1,0
31,31,21,391,3790200,128,64,64,12,13,15,11,10,10,9,9,7,6,5,4,4,2,2,0,0,0
32,32,21,391,3790300,575,282,293,57,59,68,52,47,45,40,40,34,29,23,20,22,13,10,4,4,1
33,33,21,391,3790400,550,282,268,54,56,65,50,45,43,38,38,33,28,22,19,21,12,9,3,4,1
34,34,21,391,3790500,248,120,128,24,25,29,22,20,19,17,17,14,12,10,8,9,5,4,1,1,0
35,35,21,391,3790600,486,245,241,48,50,57,44,39,38,34,34,29,24,19,17,18,11,8,3,3,1
36,36,21,391,3790700,734,371,363,73,75,87,67,60,58,51,51,44,37,29,26,28,17,12,5,5,1
37,37,21,391,3790800,366,177,189,36,37,43,33,29,28,25,25,22,18,14,12,14,8,6,2,2,0
38,38,21,391,3790900,194,100,94,19,20,23,17,15,15,13,13,11,9,7,6,7,4,3,1,1,0
39,39,21,391,3791000,326,164,162,32,33,38,29,26,25,22,23,19,16,13,11,12,7,5,2,2,0
40,40,21,391,3791100,1329,678,651,132,137,157,122,108,105,93,94,80,68,54,47,51,31,23,9,9,3
41,41,21,391,3791200,582,288,294,57,60,69,53,47,46,40,41,35,29,23,20,22,13,10,4,4,1
42,42,21,391,3791300,242,125,117,24,25,28,22,19,19,17,17,14,12,9,8,9,5,4,1,1,0
43,43,21,391,3791400,197,106,91,19,20,23,18,16,15,13,13,11,10,8,6,7,4,3,1,1,0
44,44,21,391,3791500,213,115,98,21,22,25,19,17,16,14,15,12,10,8,7,8,4,3,1,1,0
45,45,21,391,3791600,725,359,366,72,74,85,66,59,57,51,51,43,37,29,25,27,16,12,5,5,1
46,46,21,391,3791700,417,199,218,41,43,49,38,34,32,29,29,25,21,17,14,16,9,7,2,3,1
47,47,21,391,3791800,139,72,67,13,14,16,12,11,10,9,9,8,7,5,4,5,3,2,0,1,0
48,48,21,391,3791900,88,44,44,8,9,10,8,7,6,6,6,5,4,3,3,3,2,1,0,0,0
49,49,21,391,3792000,118,57,61,11,12,13,10,9,9,8,8,7,6,4,4,4,2,2,0,0,0
50,50,21,391,3792100,119,63,56,11,12,14,10,9,9,8,8,7,6,4,4,4,2,2,0,0,0
51,51,21,391,3792200,85,42,43,8,8,10,7,6,6,5,6,5,4,3,3,3,1,1,0,0,0
52,52,21,391,3792300,515,262,253,51,53,61,47,42,40,36,36,31,26,21,18,19,12,9,3,3,1
53,53,21,391,3792400,90,49,41,8,9,10,8,7,7,6,6,5,4,3,3,3,2,1,0,0,0
54,54,21,391,3792500,216,107,109,21,22,25,19,17,17,15,15,13,11,8,7,8,5,3,1,1,0
55,55,21,391,3792600,479,250,229,47,49,56,44,39,37,33,33,28,24,19,16,18,11,8,3,3,1
56,56,21,391,3792700,67,33,34,6,6,7,6,5,5,4,4,4,3,2,2,2,1,1,0,0,0
57,57,21,391,3792800,102,53,49,10,10,12,9,8,8,7,7,6,5,4,3,3,2,1,0,0,0
58,58,21,391,3792900,523,254,269,52,54,62,48,42,41,36,37,31,26,21,18,20,12,9,3,3,1
59,59,21,391,3793000,57,25,32,5,5,6,5,4,4,4,4,3,2,2,2,2,1,0,0,0,0
60,60,21,391,3793100,121,63,58,12,12,14,11,9,9,8,8,7,6,4,4,4,2,2,0,0,0
61,61,21,391,3793200,380,181,199,37,39,45,34,31,30,26,26,22,19,15,13,14,8,6,2,2,0
62,62,21,391,3793300,37,17,20,3,3,4,3,3,2,2,2,2,1,1,1,1,0,0,0,0,0
63,63,21,391,3793400,0,0,0,0,0,0,0,0,0,0,0,0,0,0,0,0,0,0,0,0,0
64,64,21,391,3793500,161,81,80,16,16,19,14,13,12,11,11,9,8,6,5,6,3,2,1,1,0
65,65,21,391,3793600,34,21,13,3,3,4,3,2,2,2,2,2,1,1,1,1,0,0,0,0,0
66,66,21,391,3793700,99,53,46,9,10,11,9,8,7,6,7,5,5,4,3,3,2,1,0,0,0
67,67,21,391,3793800,28,11,17,2,2,3,2,2,2,1,1,1,1,1,0,1,0,0,0,0,0
68,68,21,391,3793900,20,9,11,1,2,2,1,1,1,1,1,1,1,0,0,0,0,0,0,0,0
69,69,21,391,3794000,46,25,21,4,4,5,4,3,3,3,3,2,2,1,1,1,1,0,0,0,0
70,70,21,391,3794100,229,100,129,22,23,27,21,18,18,16,16,13,11,9,8,8,5,4,1,1,0
71,71,21,391,3794200,31,18,13,3,3,3,2,2,2,2,2,1,1,1,1,1,0,0,0,0,0
72,72,21,391,3794300,329,168,161,32,34,39,30,26,26,23,23,19,16,13,11,12,7,5,2,2,0
73,73,21,391,3794400,166,82,84,16,17,19,15,13,13,11,11,10,8,6,5,6,3,2,1,1,0
74,74,21,391,3794500,154,73,81,15,15,18,14,12,12,10,10,9,7,6,5,5,3,2,1,1,0
75,75,21,391,3794600,60,31,29,5,6,7,5,4,4,4,4,3,3,2,2,2,1,1,0,0,0
76,76,21,391,3794700,157,73,84,15,16,18,14,12,12,11,11,9,8,6,5,6,3,2,1,1,0
77,77,21,391,3794800,118,61,57,11,12,13,10,9,9,8,8,7,6,4,4,4,2,2,0,0,0
78,78,21,391,3794900,428,209,219,42,44,50,39,35,33,30,30,25,21,17,15,16,10,7,3,3,1
79,79,21,391,3795000,77,35,42,7,7,9,7,6,6,5,5,4,3,3,2,2,1,1,0,0,0
80,80,21,391,3795100,282,141,141,28,29,33,25,23,22,19,19,17,14,11,10,10,6,4,1,2,0
81,81,21,391,3795200,207,96,111,20,21,24,19,16,16,14,14,12,10,8,7,7,4,3,1,1,0
82,82,21,391,3795300,20,9,11,1,2,2,1,1,1,1,1,1,1,0,0,0,0,0,0,0,0
83,83,21,391,3795400,1391,707,684,138,143,164,127,113,110,97,98,83,71,56,49,53,32,24,9,10,3
84,84,21,391,3795500,1310,667,643,130,135,155,120,107,103,92,92,79,67,53,46,50,30,22,9,9,3
85,85,21,391,3795600,203,107,96,20,20,24,18,16,16,14,14,12,10,8,7,7,4,3,1,1,0
86,86,21,391,3795700,1207,620,587,120,124,143,110,98,95,84,85,72,62,49,42,46,28,21,8,8,2
87,87,21,391,3795800,219,122,97,21,22,25,20,17,17,15,15,13,11,8,7,8,5,3,1,1,0
88,88,21,391,3795900,505,249,256,50,52,59,46,41,39,35,35,30,25,20,17,19,11,8,3,3,1
89,89,21,391,3796000,1160,599,561,115,119,137,106,95,91,81,82,69,59,47,41,44,27,20,8,8,2
90,90,21,391,3796100,314,155,159,31,32,37,28,25,24,22,22,18,16,12,11,12,7,5,2,2,0
91,91,21,391,3796200,0,0,0,0,0,0,0,0,0,0,0,0,0,0,0,0,0,0,0,0,0
92,92,21,391,3796300,0,0,0,0,0,0,0,0,0,0,0,0,0,0,0,0,0,0,0,0,0
93,93,21,391,3796400,24,14,10,2,2,2,2,1,1,1,1,1,1,0,0,0,0,0,0,0,0
94,94,21,391,3796500,68,36,32,6,7,8,6,5,5,4,4,4,3,2,2,2,1,1,0,0,0
95,95,21,391,3796600,59,34,25,5,6,6,5,4,4,4,4,3,3,2,2,2,1,1,0,0,0
96,96,21,391,3796700,120,57,63,11,12,14,11,9,9,8,8,7,6,4,4,4,2,2,0,0,0
97,97,21,391,3796800,41,14,27,4,4,4,3,3,3,2,2,2,2,1,1,1,0,0,0,0,0
98,98,21,391,3796900,90,42,48,8,9,10,8,7,7,6,6,5,4,3,3,3,2,1,0,0,0
99,99,21,391,3797000,103,53,50,10,10,12,9,8,8,7,7,6,5,4,3,3,2,1,0,0,0
100,100,21,391,3797100,18,9,9,1,1,2,1,1,1,1,1,1,0,0,0,0,0,0,0,0,0
101,101,21,391,3797200,59,27,32,5,6,6,5,4,4,4,4,3,3,2,2,2,1,1,0,0,0
102,102,21,391,3797300,56,28,28,5,5,6,5,4,4,3,3,3,2,2,1,2,1,0,0,0,0
103,103,21,391,3797400,38,20,18,3,3,4,3,3,3,2,2,2,1,1,1,1,0,0,0,0,0
104,104,21,391,3797500,28,10,18,2,2,3,2,2,2,1,1,1,1,1,0,1,0,0,0,0,0
105,105,21,391,3797600,343,160,183,34,35,40,31,28,27,24,24,20,17,13,12,13,8,6,2,2,0
106,106,21,391,3797700,22,9,13,2,2,2,2,1,1,1,1,1,1,0,0,0,0,0,0,0,0
107,107,21,391,3797800,480,228,252,47,49,56,44,39,37,33,33,28,24,19,17,18,11,8,3,3,1
108,108,21,391,3797900,643,330,313,64,66,76,59,52,50,45,45,38,33,26,22,24,15,11,4,4,1
109,109,21,391,3798000,498,251,247,49,51,59,45,40,39,35,35,30,25,20,17,19,11,8,3,3,1
110,110,21,391,3798100,137,62,75,13,14,16,12,11,10,9,9,8,7,5,4,5,3,2,0,1,0
111,111,21,391,3798200,135,70,65,13,13,16,12,11,10,9,9,8,6,5,4,5,3,2,0,1,0
112,112,21,391,3798300,99,48,51,9,10,11,9,8,7,6,7,5,5,4,3,3,2,1,0,0,0
113,113,21,391,3798400,133,69,64,13,13,15,12,10,10,9,9,8,6,5,4,5,3,2,0,0,0
114,114,21,391,3798500,554,274,280,55,57,65,50,45,43,39,39,33,28,22,19,21,12,9,3,4,1
115,115,21,391,3798600,371,180,191,36,38,43,34,30,29,26,26,22,19,15,13,14,8,6,2,2,0
116,116,21,391,3798700,189,92,97,18,19,22,17,15,14,13,13,11,9,7,6,7,4,3,1,1,0
117,117,21,391,3798800,287,128,159,28,29,34,26,23,22,20,20,17,14,11,10,11,6,5,2,2,0
118,118,21,391,3798900,144,72,72,14,14,17,13,11,11,10,10,8,7,5,5,5,3,2,1,1,0
119,119,21,391,3799000,251,120,131,24,25,29,23,20,19,17,17,15,12,10,8,9,5,4,1,1,0
120,120,21,391,3799100,503,242,261,50,52,59,46,41,39,35,35,30,25,20,17,19,11,8,3,3,1
121,121,21,391,3799200,1647,824,823,164,170,195,151,134,130,115,116,99,84,67,58,63,38,28,11,12,4
122,122,21,391,3799300,186,101,85,18,19,22,17,15,14,13,13,11,9,7,6,7,4,3,1,1,0
123,123,21,391,3799400,574,283,291,57,59,68,52,47,45,40,40,34,29,23,20,22,13,10,4,4,1
124,124,21,391,3799500,250,126,124,24,25,29,22,20,19,17,17,15,12,10,8,9,5,4,1,1,0
125,125,21,391,3799600,54,29,25,5,5,6,4,4,4,3,3,3,2,2,1,2,1,0,0,0,0
126,126,21,391,3799700,140,76,64,13,14,16,12,11,11,9,9,8,7,5,4,5,3,2,0,1,0
127,127,21,391,3799800,96,47,49,9,9,11,8,7,7,6,6,5,4,3,3,3,2,1,0,0,0
128,128,21,391,3799900,732,382,350,72,75,86,67,59,57,51,51,44,37,29,25,28,17,12,5,5,1
129,129,21,391,3800000,389,185,204,38,40,46,35,31,30,27,27,23,19,15,13,14,9,6,2,2,0
130,130,21,391,3800100,152,75,77,15,15,18,13,12,12,10,10,9,7,6,5,5,3,2,1,1,0
131,131,21,391,3800200,146,67,79,14,15,17,13,11,11,10,10,8,7,5,5,5,3,2,1,1,0
132,132,21,391,3800300,190,99,91,18,19,22,17,15,15,13,13,11,9,7,6,7,4,3,1,1,0
133,133,21,391,3800400,177,95,82,17,18,20,16,14,14,12,12,10,9,7,6,6,4,3,1,1,0
134,134,21,391,3800500,212,105,107,21,21,25,19,17,16,14,15,12,10,8,7,8,4,3,1,1,0
135,135,21,391,3800600,328,160,168,32,33,38,30,26,25,23,23,19,16,13,11,12,7,5,2,2,0
136,136,21,391,3800700,276,134,142,27,28,32,25,22,21,19,19,16,14,11,9,10,6,4,1,2,0
137,137,21,391,3800800,704,337,367,70,72,83,64,57,55,49,49,42,36,28,24,27,16,12,4,5,1
138,138,21,391,3800900,159,75,84,15,16,18,14,13,12,11,11,9,8,6,5,6,3,2,1,1,0
139,139,21,391,3801000,140,61,79,13,14,16,12,11,11,9,9,8,7,5,4,5,3,2,0,1,0
140,140,21,391,3801100,349,168,181,34,36,41,32,28,27,24,24,21,17,14,12,13,8,6,2,2,0
141,141,21,391,3801200,321,155,166,31,33,38,29,26,25,22,22,19,16,13,11,12,7,5,2,2,0
142,142,21,391,3801300,334,153,181,33,34,39,30,27,26,23,23,20,17,13,11,12,7,5,2,2,0
143,143,21,391,3801400,153,80,73,15,15,18,14,12,12,10,10,9,7,6,5,5,3,2,1,1,0
144,144,21,391,3801500,434,219,215,43,44,51,39,35,34,30,30,26,22,17,15,16,10,7,3,3,1
145,145,21,391,3801600,804,393,411,80,83,95,73,65,63,56,56,48,41,32,28,30,18,14,5,5,1
146,146,21,391,3801700,1105,537,568,110,114,131,101,90,87,77,78,66,56,45,39,42,25,19,7,8,2
147,147,21,391,3801800,1232,626,606,122,127,146,113,100,97,86,87,74,63,50,43,47,28,21,8,9,3
148,148,21,391,3801900,523,252,271,52,54,62,48,42,41,36,37,31,26,21,18,20,12,9,3,3,1
149,149,21,391,3802000,799,410,389,79,82,94,73,65,63,56,56,48,41,32,28,30,18,14,5,5,1
150,150,21,391,3802100,535,255,280,53,55,63,49,43,42,37,37,32,27,21,18,20,12,9,3,3,1
151,151,21,391,3802200,1127,525,602,112,116,133,103,92,89,79,79,67,57,45,39,43,26,19,7,8,2
152,152,21,391,3802300,118,66,52,11,12,13,10,9,9,8,8,7,6,4,4,4,2,2,0,0,0
153,153,21,391,3802400,1006,519,487,100,104,119,92,82,79,70,71,60,51,41,35,38,23,17,7,7,2
154,154,21,391,3802500,1012,510,502,100,104,120,92,82,80,71,71,61,52,41,35,38,23,17,7,7,2
155,155,21,391,3802600,1346,684,662,134,139,159,123,110,106,94,95,81,69,54,47,51,31,23,9,10,3
156,156,21,391,3802700,1779,892,887,177,184,210,163,145,140,125,125,107,91,72,63,68,41,31,12,13,4
157,157,21,391,3802800,254,127,127,25,26,30,23,20,20,17,17,15,13,10,9,9,5,4,1,1,0
158,158,21,391,3802900,0,0,0,0,0,0,0,0,0,0,0,0,0,0,0,0,0,0,0,0,0
159,159,21,391,3803000,405,209,196,40,41,48,37,33,32,28,28,24,20,16,14,15,9,7,2,3,0
160,160,21,391,3803100,267,128,139,26,27,31,24,21,21,18,18,16,13,10,9,10,6,4,1,1,0
161,161,21,391,3803200,41,21,20,4,4,4,3,3,3,2,2,2,2,1,1,1,0,0,0,0,0
162,162,21,391,3803300,255,127,128,25,26,30,23,20,20,17,18,15,13,10,9,9,5,4,1,1,0
163,163,21,391,3803400,776,395,381,77,80,92,71,63,61,54,54,46,39,31,27,29,18,13,5,5,1
164,164,21,391,3803500,220,106,114,21,22,26,20,18,17,15,15,13,11,8,7,8,5,3,1,1,0
165,165,21,391,3803600,132,61,71,13,13,15,12,10,10,9,9,7,6,5,4,5,3,2,0,0,0
166,166,21,391,3803700,244,120,124,24,25,28,22,19,19,17,17,14,12,9,8,9,5,4,1,1,0
167,167,21,391,3803800,336,163,173,33,34,39,30,27,26,23,23,20,17,13,11,12,7,5,2,2,0
168,168,21,391,3803900,568,288,280,56,58,67,52,46,44,39,40,34,29,23,20,21,13,9,4,4,1
169,169,21,391,3804000,931,476,455,92,96,110,85,76,73,65,65,56,47,37,33,35,21,16,6,6,2
170,170,21,391,3804100,414,213,201,41,42,49,38,33,32,29,29,24,21,16,14,15,9,7,2,3,1
171,171,21,391,3804200,37,20,17,3,3,4,3,3,2,2,2,2,1,1,1,1,0,0,0,0,0
172,172,21,391,3804300,107,59,48,10,11,12,9,8,8,7,7,6,5,4,3,4,2,1,0,0,0
173,173,21,391,3804400,248,119,129,24,25,29,22,20,19,17,17,14,12,10,8,9,5,4,1,1,0
174,174,21,391,3804500,76,41,35,7,7,9,6,6,6,5,5,4,3,3,2,2,1,1,0,0,0
175,175,21,391,3804600,24,11,13,2,2,2,2,1,1,1,1,1,1,0,0,0,0,0,0,0,0
176,176,21,391,3804700,95,54,41,9,9,11,8,7,7,6,6,5,4,3,3,3,2,1,0,0,0
177,177,21,391,3804800,180,88,92,17,18,21,16,14,14,12,12,10,9,7,6,6,4,3,1,1,0
178,178,21,391,3804900,342,166,176,34,35,40,31,28,27,24,24,20,17,13,12,13,8,5,2,2,0
179,179,21,391,3805000,10,4,6,0,1,1,0,0,0,0,0,0,0,0,0,0,0,0,0,0,0
180,180,21,391,3805100,155,68,87,15,16,18,14,12,12,10,10,9,7,6,5,5,3,2,1,1,0
181,181,21,391,3805200,242,119,123,24,25,28,22,19,19,17,17,14,12,9,8,9,5,4,1,1,0
182,182,21,391,3805300,604,293,311,60,62,71,55,49,47,42,42,36,31,24,21,23,14,10,4,4,1
183,183,21,391,3805400,1349,651,698,134,139,159,123,110,106,94,95,81,69,55,47,51,31,23,9,10,3
184,184,21,391,3805500,166,73,93,16,17,19,15,13,13,11,11,10,8,6,5,6,3,2,1,1,0
185,185,21,391,3805600,197,103,94,19,20,23,18,16,15,13,13,11,10,8,6,7,4,3,1,1,0
186,186,21,391,3805700,458,222,236,45,47,54,42,37,36,32,32,27,23,18,16,17,10,8,3,3,1
187,187,21,391,3805800,53,31,22,5,5,6,4,4,4,3,3,3,2,2,1,2,1,0,0,0,0
188,188,21,391,3805900,359,170,189,35,37,42,32,29,28,25,25,21,18,14,12,13,8,6,2,2,0
189,189,21,391,3806000,101,50,51,10,10,11,9,8,7,7,7,6,5,4,3,3,2,1,0,0,0
190,190,21,391,3806100,384,186,198,38,39,45,35,31,30,27,27,23,19,15,13,14,8,6,2,2,0
191,191,21,391,3806200,397,204,193,39,41,47,36,32,31,27,28,23,20,16,14,15,9,6,2,2,0
192,192,21,391,3806300,857,422,435,85,88,101,78,70,67,60,60,51,44,34,30,32,20,15,6,6,2
193,193,21,391,3806400,393,203,190,39,40,46,36,32,31,27,27,23,20,16,13,15,9,6,2,2,0
194,194,21,391,3806500,229,120,109,22,23,27,21,18,18,16,16,13,11,9,8,8,5,4,1,1,0
195,195,21,391,3806600,54,21,33,5,5,6,4,4,4,3,3,3,2,2,1,2,1,0,0,0,0
196,196,21,391,3806700,1045,490,555,104,108,123,96,85,82,73,73,63,53,42,37,40,24,18,7,7,2
197,197,21,391,3806800,252,126,126,25,26,29,23,20,19,17,17,15,12,10,8,9,5,4,1,1,0
198,198,21,391,3806900,285,139,146,28,29,33,26,23,22,20,20,17,14,11,10,10,6,4,2,2,0
199,199,21,391,3807000,575,283,292,57,59,68,52,47,45,40,40,34,29,23,20,22,13,10,4,4,1
200,200,21,391,3807100,265,138,127,26,27,31,24,21,20,18,18,15,13,10,9,10,6,4,1,1,0
201,201,21,391,3807200,441,203,238,43,45,52,40,36,34,31,31,26,22,17,15,16,10,7,3,3,1
202,202,21,391,3807300,321,148,173,31,33,38,29,26,25,22,22,19,16,13,11,12,7,5,2,2,0
203,203,21,391,3807400,562,281,281,55,58,66,51,46,44,39,39,33,28,22,19,21,13,9,3,4,1
204,204,21,391,3807500,194,93,101,19,20,23,17,15,15,13,13,11,9,7,6,7,4,3,1,1,0
205,205,21,391,3807600,35,17,18,3,3,4,3,2,2,2,2,2,1,1,1,1,0,0,0,0,0
206,206,21,391,3807700,109,50,59,10,11,12,10,8,8,7,7,6,5,4,3,4,2,1,0,0,0
207,207,21,391,3807800,70,36,34,6,7,8,6,5,5,4,4,4,3,2,2,2,1,1,0,0,0
208,208,21,391,3807900,391,197,194,38,40,46,35,32,30,27,27,23,20,15,13,15,9,6,2,2,0
209,209,21,391,3808000,122,55,67,12,12,14,11,9,9,8,8,7,6,4,4,4,2,2,0,0,0
210,210,21,391,3808100,220,108,112,21,22,26,20,18,17,15,15,13,11,8,7,8,5,3,1,1,0
211,211,21,391,3808200,302,158,144,30,31,35,27,24,23,21,21,18,15,12,10,11,7,5,2,2,0
212,212,21,391,3808300,1104,550,554,109,114,130,101,90,87,77,78,66,56,45,39,42,25,19,7,8,2
213,213,21,391,3808400,0,0,0,0,0,0,0,0,0,0,0,0,0,0,0,0,0,0,0,0,0
214,214,21,391,3808500,482,239,243,48,49,57,44,39,38,33,34,29,24,19,17,18,11,8,3,3,1
215,215,21,391,3808600,54,25,29,5,5,6,4,4,4,3,3,3,2,2,1,2,1,0,0,0,0
216,216,21,391,3808700,289,144,145,28,29,34,26,23,22,20,20,17,14,11,10,11,6,5,2,2,0
217,217,21,391,3808800,144,73,71,14,14,17,13,11,11,10,10,8,7,5,5,5,3,2,1,1,0
218,218,21,391,3808900,138,67,71,13,14,16,12,11,10,9,9,8,7,5,4,5,3,2,0,1,0
219,219,21,391,3809000,105,54,51,10,10,12,9,8,8,7,7,6,5,4,3,4,2,1,0,0,0
220,220,21,391,3809100,1384,686,698,137,143,164,127,113,109,97,97,83,71,56,49,53,32,24,9,10,3
221,221,21,391,3809200,81,41,40,8,8,9,7,6,6,5,5,4,4,3,2,3,1,1,0,0,0
222,222,21,391,3809300,163,75,88,16,16,19,14,13,12,11,11,9,8,6,5,6,3,2,1,1,0
223,223,21,391,3809400,405,197,208,40,41,48,37,33,32,28,28,24,20,16,14,15,9,7,2,3,0
224,224,21,391,3809500,0,0,0,0,0,0,0,0,0,0,0,0,0,0,0,0,0,0,0,0,0
225,225,21,391,3809600,124,57,67,12,12,14,11,10,9,8,8,7,6,5,4,4,2,2,0,0,0
226,226,21,391,3809700,609,310,299,60,62,72,55,49,48,42,43,36,31,24,21,23,14,10,4,4,1
227,227,21,391,3809800,606,321,285,60,62,71,55,49,47,42,42,36,31,24,21,23,14,10,4,4,1
228,228,21,391,3809900,378,193,185,37,39,44,34,30,29,26,26,22,19,15,13,14,8,6,2,2,0
229,229,21,391,3810000,486,242,244,48,50,57,44,39,38,34,34,29,24,19,17,18,11,8,3,3,1
230,230,21,391,3810100,0,0,0,0,0,0,0,0,0,0,0,0,0,0,0,0,0,0,0,0,0
231,231,21,391,3810200,903,441,462,89,93,107,82,73,71,63,63,54,46,36,32,34,21,15,6,6,2
232,232,21,391,3810300,1023,508,515,101,105,121,93,83,80,72,72,61,52,41,36,39,23,17,7,7,2
233,233,21,391,3810400,1022,556,466,101,105,121,93,83,80,71,72,61,52,41,36,39,23,17,7,7,2
234,234,21,391,3810500,561,276,285,55,58,66,51,45,44,39,39,33,28,22,19,21,13,9,3,4,1
235,235,21,391,3810600,193,96,97,19,19,22,17,15,15,13,13,11,9,7,6,7,4,3,1,1,0
236,236,21,391,3810700,941,496,445,93,97,111,86,77,74,66,66,56,48,38,33,36,22,16,6,7,2
237,237,21,391,3810800,659,326,333,65,68,78,60,53,52,46,46,39,33,26,23,25,15,11,4,4,1
238,238,21,391,3810900,1743,892,851,173,180,206,160,142,137,122,123,105,89,71,61,66,40,30,12,12,4
239,239,21,391,3811000,515,258,257,51,53,61,47,42,40,36,36,31,26,21,18,19,12,9,3,3,1
240,240,21,391,3811100,469,232,237,46,48,55,43,38,37,33,33,28,24,19,16,18,10,8,3,3,1
241,241,21,391,3811200,349,179,170,34,36,41,32,28,27,24,24,21,17,14,12,13,8,6,2,2,0
242,242,21,391,3811300,90,50,40,8,9,10,8,7,7,6,6,5,4,3,3,3,2,1,0,0,0
243,243,21,391,3811400,699,339,360,69,72,82,64,57,55,49,49,42,35,28,24,26,16,12,4,5,1
244,244,21,391,3811500,229,116,113,22,23,27,21,18,18,16,16,13,11,9,8,8,5,4,1,1,0
245,245,21,391,3811600,554,270,284,55,57,65,50,45,43,39,39,33,28,22,19,21,12,9,3,4,1
246,246,21,391,3811700,575,294,281,57,59,68,52,47,45,40,40,34,29,23,20,22,13,10,4,4,1
247,247,21,391,3811800,60,31,29,5,6,7,5,4,4,4,4,3,3,2,2,2,1,1,0,0,0
248,248,21,391,3811900,571,285,286,56,59,67,52,46,45,40,40,34,29,23,20,21,13,10,4,4,1
249,249,21,391,3812000,326,168,158,32,33,38,29,26,25,22,23,19,16,13,11,12,7,5,2,2,0
250,250,21,391,3812100,11,5,6,1,1,1,1,0,0,0,0,0,0,0,0,0,0,0,0,0,0
251,251,21,391,3812200,21,10,11,2,2,2,1,1,1,1,1,1,1,0,0,0,0,0,0,0,0
252,252,21,391,3812300,0,0,0,0,0,0,0,0,0,0,0,0,0,0,0,0,0,0,0,0,0
253,253,21,391,3812400,394,198,196,39,40,46,36,32,31,27,27,23,20,16,13,15,9,6,2,2,0
254,254,21,391,3812500,94,47,47,9,9,11,8,7,7,6,6,5,4,3,3,3,2,1,0,0,0
255,255,21,391,3812600,563,269,294,56,58,66,51,46,44,39,39,33,28,22,19,21,13,9,3,4,1
256,256,21,391,3812700,0,0,0,0,0,0,0,0,0,0,0,0,0,0,0,0,0,0,0,0,0
257,257,21,391,3812800,764,378,386,76,79,90,70,62,60,53,54,46,39,31,27,29,17,13,5,5,1
258,258,21,391,3812900,263,146,117,26,27,31,24,21,20,18,18,15,13,10,9,10,6,4,1,1,0
259,259,21,391,3813000,704,352,352,70,72,83,64,57,55,49,49,42,36,28,24,27,16,12,4,5,1
260,260,21,391,3813100,519,267,252,51,53,61,47,42,41,36,36,31,26,21,18,19,12,9,3,3,1
261,261,21,391,3813200,366,189,177,36,37,43,33,29,28,25,25,22,18,14,12,14,8,6,2,2,0
262,262,21,391,3813300,1352,664,688,134,139,160,124,110,106,95,95,81,69,55,47,51,31,23,9,10,3
263,263,21,391,3813400,781,388,393,77,80,92,71,63,61,54,55,47,40,31,27,29,18,13,5,5,1
264,264,21,391,3813500,1408,747,661,140,145,166,129,115,111,99,99,84,72,57,49,54,32,24,9,10,3
265,265,21,391,3813600,1001,492,509,99,103,118,91,82,79,70,70,60,51,40,35,38,23,17,7,7,2
266,266,21,391,3813700,389,178,211,38,40,46,35,31,30,27,27,23,19,15,13,14,9,6,2,2,0
267,267,21,391,3813800,665,339,326,66,68,78,61,54,52,46,47,40,34,27,23,25,15,11,4,4,1
268,268,21,391,3813900,137,75,62,13,14,16,12,11,10,9,9,8,7,5,4,5,3,2,0,1,0
269,269,21,391,3814000,289,146,143,28,29,34,26,23,22,20,20,17,14,11,10,11,6,5,2,2,0
270,270,21,391,3814100,563,285,278,56,58,66,51,46,44,39,39,33,28,22,19,21,13,9,3,4,1
271,271,21,391,3814200,157,77,80,15,16,18,14,12,12,11,11,9,8,6,5,6,3,2,1,1,0
272,272,21,391,3814300,604,304,300,60,62,71,55,49,47,42,42,36,31,24,21,23,14,10,4,4,1
273,273,21,391,3814400,139,70,69,13,14,16,12,11,10,9,9,8,7,5,4,5,3,2,0,1,0
274,274,21,391,3814500,334,163,171,33,34,39,30,27,26,23,23,20,17,13,11,12,7,5,2,2,0
275,275,21,391,3814600,977,491,486,97,101,115,89,80,77,68,69,58,50,39,34,37,22,17,6,7,2
276,276,21,391,3814700,0,0,0,0,0,0,0,0,0,0,0,0,0,0,0,0,0,0,0,0,0
277,277,21,391,3814800,477,244,233,47,49,56,43,39,37,33,33,28,24,19,16,18,11,8,3,3,1
278,278,21,391,3814900,698,345,353,69,72,82,64,57,55,49,49,42,35,28,24,26,16,12,4,5,1
279,279,21,391,3815000,235,112,123,23,24,27,21,19,18,16,16,14,12,9,8,9,5,4,1,1,0
280,280,21,391,3815100,431,211,220,42,44,51,39,35,34,30,30,25,22,17,15,16,10,7,3,3,1
281,281,21,391,3815200,0,0,0,0,0,0,0,0,0,0,0,0,0,0,0,0,0,0,0,0,0
282,282,21,391,3815300,552,278,274,54,57,65,50,45,43,38,39,33,28,22,19,21,12,9,3,4,1
283,283,21,391,3815400,167,80,87,16,17,19,15,13,13,11,11,10,8,6,5,6,3,2,1,1,0
284,284,21,391,3815500,31,16,15,3,3,3,2,2,2,2,2,1,1,1,1,1,0,0,0,0,0
285,285,21,391,3815600,496,263,233,49,51,58,45,40,39,34,35,29,25,20,17,19,11,8,3,3,1
286,286,21,391,3815700,288,146,142,28,29,34,26,23,22,20,20,17,14,11,10,11,6,5,2,2,0
287,287,21,391,3815800,118,55,63,11,12,13,10,9,9,8,8,7,6,4,4,4,2,2,0,0,0
288,288,21,391,3815900,593,308,285,59,61,70,54,48,46,41,41,35,30,24,21,22,13,10,4,4,1
289,289,21,391,3816000,1953,987,966,194,202,231,179,159,154,137,138,117,100,79,69,74,45,34,13,14,4
290,290,21,391,3816100,280,135,145,27,28,33,25,22,22,19,19,16,14,11,9,10,6,4,1,2,0
291,291,21,391,3816200,121,59,62,12,12,14,11,9,9,8,8,7,6,4,4,4,2,2,0,0,0
292,292,21,391,3816300,277,137,140,27,28,32,25,22,21,19,19,16,14,11,9,10,6,4,1,2,0
293,293,21,391,3816400,7,3,4,0,0,0,0,0,0,0,0,0,0,0,0,0,0,0,0,0,0
294,294,21,391,3816500,243,118,125,24,25,28,22,19,19,17,17,14,12,9,8,9,5,4,1,1,0
295,295,21,391,3816600,76,35,41,7,7,9,6,6,6,5,5,4,3,3,2,2,1,1,0,0,0
296,296,21,391,3816700,174,100,74,17,17,20,15,14,13,12,12,10,8,7,6,6,4,3,1,1,0
297,297,21,391,3816800,525,264,261,52,54,62,48,43,41,36,37,31,26,21,18,20,12,9,3,3,1
298,298,21,391,3816900,238,115,123,23,24,28,21,19,18,16,16,14,12,9,8,9,5,4,1,1,0
299,299,21,391,3817000,404,205,199,40,41,47,37,33,31,28,28,24,20,16,14,15,9,7,2,3,0
300,300,21,391,3817100,283,142,141,28,29,33,26,23,22,19,20,17,14,11,10,10,6,4,2,2,0
301,301,21,391,3817200,237,122,115,23,24,28,21,19,18,16,16,14,12,9,8,9,5,4,1,1,0
302,302,21,391,3817300,355,164,191,35,36,42,32,29,28,24,25,21,18,14,12,13,8,6,2,2,0
303,303,21,391,3817400,150,76,74,14,15,17,13,12,11,10,10,9,7,6,5,5,3,2,1,1,0
304,304,21,391,3817500,467,229,238,46,48,55,42,38,36,32,33,28,23,19,16,17,10,8,3,3,1
305,305,21,391,3817600,0,0,0,0,0,0,0,0,0,0,0,0,0,0,0,0,0,0,0,0,0
306,306,21,391,3817700,99,51,48,9,10,11,9,8,7,6,7,5,5,4,3,3,2,1,0,0,0
307,307,21,391,3817800,345,180,165,34,35,40,31,28,27,24,24,20,17,14,12,13,8,6,2,2,0
308,308,21,391,3817900,1436,744,692,143,148,170,131,117,113,101,101,86,73,58,50,55,33,25,10,10,3
309,309,21,391,3818000,335,164,171,33,34,39,30,27,26,23,23,20,17,13,11,12,7,5,2,2,0
310,310,21,391,3818100,704,363,341,70,72,83,64,57,55,49,49,42,36,28,24,27,16,12,4,5,1
311,311,21,391,3818200,1361,713,648,135,140,161,125,111,107,95,96,82,69,55,48,52,31,23,9,10,3
312,312,21,391,3818300,239,116,123,23,24,28,21,19,18,16,16,14,12,9,8,9,5,4,1,1,0
313,313,21,391,3818400,191,90,101,19,19,22,17,15,15,13,13,11,9,7,6,7,4,3,1,1,0
314,314,21,391,3818500,508,265,243,50,52,60,46,41,40,35,35,30,26,20,18,19,11,8,3,3,1
315,315,21,391,3818600,289,150,139,28,29,34,26,23,22,20,20,17,14,11,10,11,6,5,2,2,0
316,316,21,391,3818700,74,38,36,7,7,8,6,6,5,5,5,4,3,3,2,2,1,1,0,0,0
317,317,21,391,3818800,15,7,8,1,1,1,1,1,1,1,1,0,0,0,0,0,0,0,0,0,0
318,318,21,391,3818900,1317,666,651,131,136,156,121,107,104,92,93,79,67,53,46,50,30,23,9,9,3
319,319,21,391,3819000,220,109,111,21,22,26,20,18,17,15,15,13,11,8,7,8,5,3,1,1,0
320,320,21,391,3819100,672,340,332,66,69,79,61,55,53,47,47,40,34,27,23,25,15,11,4,5,1
321,321,21,391,3819200,362,179,183,36,37,42,33,29,28,25,25,21,18,14,12,13,8,6,2,2,0
322,322,21,391,3819300,360,183,177,35,37,42,33,29,28,25,25,21,18,14,12,13,8,6,2,2,0
323,323,21,391,3819400,772,391,381,76,79,91,70,63,61,54,54,46,39,31,27,29,18,13,5,5,1
324,324,21,391,3819500,791,402,389,78,81,93,72,64,62,55,55,47,40,32,28,30,18,13,5,5,1
325,325,21,391,3819600,216,107,109,21,22,25,19,17,17,15,15,13,11,8,7,8,5,3,1,1,0
326,326,21,391,3819700,378,190,188,37,39,44,34,30,29,26,26,22,19,15,13,14,8,6,2,2,0
327,327,21,391,3819800,518,272,246,51,53,61,47,42,40,36,36,31,26,21,18,19,12,9,3,3,1
328,328,21,391,3819900,307,145,162,30,31,36,28,25,24,21,21,18,15,12,10,11,7,5,2,2,0
329,329,21,391,3820000,332,166,166,33,34,39,30,27,26,23,23,20,17,13,11,12,7,5,2,2,0
330,330,21,391,3820100,350,177,173,34,36,41,32,28,27,24,24,21,17,14,12,13,8,6,2,2,0
331,331,21,391,3820200,478,256,222,47,49,56,43,39,37,33,33,28,24,19,16,18,11,8,3,3,1
332,332,21,391,3820300,236,109,127,23,24,27,21,19,18,16,16,14,12,9,8,9,5,4,1,1,0
333,333,21,391,3820400,371,193,178,36,38,43,34,30,29,26,26,22,19,15,13,14,8,6,2,2,0
334,334,21,391,3820500,98,53,45,9,10,11,9,8,7,6,6,5,5,3,3,3,2,1,0,0,0
335,335,21,391,3820600,573,285,288,57,59,67,52,46,45,40,40,34,29,23,20,21,13,10,4,4,1
336,336,21,391,3820700,0,0,0,0,0,0,0,0,0,0,0,0,0,0,0,0,0,0,0,0,0
337,337,21,391,3820800,0,0,0,0,0,0,0,0,0,0,0,0,0,0,0,0,0,0,0,0,0
338,338,21,391,3820900,0,0,0,0,0,0,0,0,0,0,0,0,0,0,0,0,0,0,0,0,0
339,339,21,391,3821000,441,212,229,43,45,52,40,36,34,31,31,26,22,17,15,16,10,7,3,3,1
340,340,21,391,3821100,0,0,0,0,0,0,0,0,0,0,0,0,0,0,0,0,0,0,0,0,0
341,341,21,391,3821200,281,137,144,27,29,33,25,23,22,19,19,16,14,11,9,10,6,4,1,2,0
342,342,21,391,3821300,356,176,180,35,36,42,32,29,28,25,25,21,18,14,12,13,8,6,2,2,0
343,343,21,391,3821400,380,187,193,37,39,45,34,31,30,26,26,22,19,15,13,14,8,6,2,2,0
344,344,21,391,3821500,321,157,164,31,33,38,29,26,25,22,22,19,16,13,11,12,7,5,2,2,0
345,345,21,391,3821600,699,348,351,69,72,82,64,57,55,49,49,42,35,28,24,26,16,12,4,5,1
346,346,21,391,3821700,518,251,267,51,53,61,47,42,40,36,36,31,26,21,18,19,12,9,3,3,1
347,347,21,391,3821800,597,321,276,59,61,70,54,48,47,42,42,36,30,24,21,22,13,10,4,4,1
348,348,21,391,3821900,0,0,0,0,0,0,0,0,0,0,0,0,0,0,0,0,0,0,0,0,0
349,349,21,391,3822000,925,454,471,92,95,109,84,75,73,65,65,55,47,37,32,35,21,16,6,6,2
350,350,21,391,3822100,342,177,165,34,35,40,31,28,27,24,24,20,17,13,12,13,8,5,2,2,0
351,351,21,391,3822200,164,80,84,16,16,19,15,13,12,11,11,9,8,6,5,6,3,2,1,1,0
352,352,21,391,3822300,0,0,0,0,0,0,0,0,0,0,0,0,0,0,0,0,0,0,0,0,0
353,353,21,391,3822400,0,0,0,0,0,0,0,0,0,0,0,0,0,0,0,0,0,0,0,0,0
354,354,21,391,3822500,41,21,20,4,4,4,3,3,3,2,2,2,2,1,1,1,0,0,0,0,0
355,355,21,391,3822600,0,0,0,0,0,0,0,0,0,0,0,0,0,0,0,0,0,0,0,0,0
356,356,21,391,3822700,0,0,0,0,0,0,0,0,0,0,0,0,0,0,0,0,0,0,0,0,0
357,357,21,391,3822800,0,0,0,0,0,0,0,0,0,0,0,0,0,0,0,0,0,0,0,0,0
358,358,21,391,3822900,0,0,0,0,0,0,0,0,0,0,0,0,0,0,0,0,0,0,0,0,0
359,359,21,391,3823000,21,10,11,2,2,2,1,1,1,1,1,1,1,0,0,0,0,0,0,0,0
360,360,21,391,3823100,0,0,0,0,0,0,0,0,0,0,0,0,0,0,0,0,0,0,0,0,0
361,361,21,391,3823200,68,37,31,6,7,8,6,5,5,4,4,4,3,2,2,2,1,1,0,0,0
362,362,21,391,3823300,284,141,143,28,29,33,26,23,22,19,20,17,14,11,10,10,6,4,2,2,0
363,363,21,391,3823400,147,76,71,14,15,17,13,12,11,10,10,8,7,5,5,5,3,2,1,1,0
364,364,21,391,3823500,82,36,46,8,8,9,7,6,6,5,5,4,4,3,2,3,1,1,0,0,0
365,365,21,391,3823600,342,173,169,34,35,40,31,28,27,24,24,20,17,13,12,13,8,5,2,2,0
366,366,21,391,3823700,608,303,305,60,62,72,55,49,48,42,43,36,31,24,21,23,14,10,4,4,1
367,367,21,391,3823800,1046,519,527,104,108,124,96,85,82,73,74,63,53,42,37,40,24,18,7,7,2
368,368,21,391,3823900,334,161,173,33,34,39,30,27,26,23,23,20,17,13,11,12,7,5,2,2,0
369,369,21,391,3824000,775,398,377,77,80,91,71,63,61,54,54,46,39,31,27,29,18,13,5,5,1
370,370,21,391,3824100,583,293,290,58,60,69,53,47,46,41,41,35,29,23,20,22,13,10,4,4,1
371,371,21,391,3824200,277,127,150,27,28,32,25,22,21,19,19,16,14,11,9,10,6,4,1,2,0
372,372,21,391,3824300,196,102,94,19,20,23,18,16,15,13,13,11,10,7,6,7,4,3,1,1,0
373,373,21,391,3824400,184,103,81,18,19,21,16,15,14,12,13,11,9,7,6,7,4,3,1,1,0
374,374,21,391,3824500,645,319,326,64,66,76,59,52,51,45,45,38,33,26,22,24,15,11,4,4,1
375,375,21,391,3824600,440,232,208,43,45,52,40,36,34,30,31,26,22,17,15,16,10,7,3,3,1
376,376,21,391,3824700,607,302,305,60,62,71,55,49,48,42,42,36,31,24,21,23,14,10,4,4,1
377,377,21,391,3824800,220,101,119,21,22,26,20,18,17,15,15,13,11,8,7,8,5,3,1,1,0
378,378,21,391,3824900,192,87,105,19,19,22,17,15,15,13,13,11,9,7,6,7,4,3,1,1,0
379,379,21,391,3825000,456,229,227,45,47,54,41,37,36,32,32,27,23,18,16,17,10,7,3,3,1
380,380,21,391,3825100,392,204,188,39,40,46,36,32,31,27,27,23,20,15,13,15,9,6,2,2,0
381,381,21,391,3825200,295,151,144,29,30,34,27,24,23,20,20,17,15,12,10,11,6,5,2,2,0
382,382,21,391,3825300,255,132,123,25,26,30,23,20,20,17,18,15,13,10,9,9,5,4,1,1,0
383,383,21,391,3825400,186,89,97,18,19,22,17,15,14,13,13,11,9,7,6,7,4,3,1,1,0
384,384,21,391,3825500,643,340,303,64,66,76,59,52,50,45,45,38,33,26,22,24,15,11,4,4,1
385,385,21,391,3825600,295,161,134,29,30,34,27,24,23,20,20,17,15,12,10,11,6,5,2,2,0
386,386,21,391,3825700,509,249,260,50,52,60,46,41,40,35,36,30,26,20,18,19,11,8,3,3,1
387,387,21,391,3825800,698,343,355,69,72,82,64,57,55,49,49,42,35,28,24,26,16,12,4,5,1
388,388,21,391,3825900,330,160,170,32,34,39,30,27,26,23,23,19,16,13,11,12,7,5,2,2,0
389,389,21,391,3826000,596,293,303,59,61,70,54,48,47,41,42,35,30,24,21,22,13,10,4,4,1
390,390,21,391,3826100,194,95,99,19,20,23,17,15,15,13,13,11,9,7,6,7,4,3,1,1,0
391,391,21,391,3826200,320,160,160,31,33,37,29,26,25,22,22,19,16,13,11,12,7,5,2,2,0
392,392,21,391,3826300,1027,502,525,102,106,121,94,84,81,72,72,61,52,41,36,39,24,18,7,7,2
393,393,21,391,3826400,401,202,199,39,41,47,36,32,31,28,28,24,20,16,14,15,9,7,2,2,0
394,394,21,391,3826500,317,166,151,31,32,37,29,25,25,22,22,19,16,12,11,12,7,5,2,2,0
395,395,21,391,3826600,376,183,193,37,38,44,34,30,29,26,26,22,19,15,13,14,8,6,2,2,0
396,396,21,391,3826700,307,142,165,30,31,36,28,25,24,21,21,18,15,12,10,11,7,5,2,2,0
397,397,21,391,3826800,319,160,159,31,32,37,29,26,25,22,22,19,16,13,11,12,7,5,2,2,0
398,398,21,391,3826900,686,336,350,68,70,81,63,56,54,48,48,41,35,27,24,26,16,12,4,5,1
399,399,21,391,3827000,863,437,426,85,89,102,79,70,68,60,61,52,44,35,30,33,20,15,6,6,2
400,400,21,391,3827100,1237,613,624,123,127,146,113,101,97,87,87,74,63,50,43,47,28,21,8,9,3
401,401,21,391,3827200,554,265,289,55,57,65,50,45,43,39,39,33,28,22,19,21,12,9,3,4,1
402,402,21,391,3827300,687,350,337,68,71,81,63,56,54,48,48,41,35,28,24,26,16,12,4,5,1
403,403,21,391,3827400,499,250,249,49,51,59,45,40,39,35,35,30,25,20,17,19,11,8,3,3,1
404,404,21,391,3827500,197,92,105,19,20,23,18,16,15,13,13,11,10,8,6,7,4,3,1,1,0
405,405,21,391,3827600,140,70,70,13,14,16,12,11,11,9,9,8,7,5,4,5,3,2,0,1,0
406,406,21,391,3827700,161,87,74,16,16,19,14,13,12,11,11,9,8,6,5,6,3,2,1,1,0
407,407,21,391,3827800,67,33,34,6,6,7,6,5,5,4,4,4,3,2,2,2,1,1,0,0,0
408,408,21,391,3827900,0,0,0,0,0,0,0,0,0,0,0,0,0,0,0,0,0,0,0,0,0
409,409,21,391,3828000,88,42,46,8,9,10,8,7,6,6,6,5,4,3,3,3,2,1,0,0,0
410,410,21,391,3828100,1010,500,510,100,104,119,92,82,79,71,71,60,51,41,35,38,23,17,7,7,2
411,411,21,391,3828200,216,121,95,21,22,25,19,17,17,15,15,13,11,8,7,8,5,3,1,1,0
412,412,21,391,3828300,384,186,198,38,39,45,35,31,30,27,27,23,19,15,13,14,8,6,2,2,0
413,413,21,391,3828400,103,49,54,10,10,12,9,8,8,7,7,6,5,4,3,3,2,1,0,0,0
414,414,21,391,3828500,518,272,246,51,53,61,47,42,40,36,36,31,26,21,18,19,12,9,3,3,1
415,415,21,391,3828600,303,157,146,30,31,35,27,24,23,21,21,18,15,12,10,11,7,5,2,2,0
416,416,21,391,3828700,249,127,122,24,25,29,22,20,19,17,17,15,12,10,8,9,5,4,1,1,0
417,417,21,391,3828800,261,132,129,25,26,30,23,21,20,18,18,15,13,10,9,10,6,4,1,1,0
418,418,21,391,3828900,711,374,337,70,73,84,65,58,56,50,50,42,36,28,25,27,16,12,5,5,1
419,419,21,391,3829000,335,179,156,33,34,39,30,27,26,23,23,20,17,13,11,12,7,5,2,2,0
420,420,21,391,3829100,128,63,65,12,13,15,11,10,10,9,9,7,6,5,4,4,2,2,0,0,0
421,421,21,391,3829200,417,215,202,41,43,49,38,34,32,29,29,25,21,17,14,16,9,7,2,3,1
422,422,21,391,3829300,184,94,90,18,19,21,16,15,14,12,13,11,9,7,6,7,4,3,1,1,0
423,423,21,391,3829400,101,59,42,10,10,11,9,8,7,7,7,6,5,4,3,3,2,1,0,0,0
424,424,21,391,3829500,57,31,26,5,5,6,5,4,4,4,4,3,2,2,2,2,1,0,0,0,0
425,425,21,391,3829600,184,101,83,18,19,21,16,15,14,12,13,11,9,7,6,7,4,3,1,1,0
426,426,21,391,3829700,116,62,54,11,11,13,10,9,9,8,8,6,5,4,4,4,2,2,0,0,0
427,427,21,391,3829800,137,72,65,13,14,16,12,11,10,9,9,8,7,5,4,5,3,2,0,1,0
428,428,21,391,3829900,228,111,117,22,23,27,20,18,18,16,16,13,11,9,8,8,5,3,1,1,0
429,429,21,391,3830000,144,63,81,14,14,17,13,11,11,10,10,8,7,5,5,5,3,2,1,1,0
430,430,21,391,3830100,651,342,309,64,67,77,59,53,51,45,46,39,33,26,23,24,15,11,4,4,1
431,431,21,391,3830200,126,63,63,12,13,14,11,10,9,8,8,7,6,5,4,4,2,2,0,0,0
432,432,21,391,3830300,271,133,138,26,28,32,24,22,21,19,19,16,13,11,9,10,6,4,1,2,0
433,433,21,391,3830400,7,3,4,0,0,0,0,0,0,0,0,0,0,0,0,0,0,0,0,0,0
434,434,21,391,3830500,211,98,113,21,21,25,19,17,16,14,14,12,10,8,7,8,4,3,1,1,0
435,435,21,391,3830600,311,155,156,30,32,36,28,25,24,21,22,18,15,12,11,11,7,5,2,2,0
436,436,21,391,3830700,398,189,209,39,41,47,36,32,31,28,28,24,20,16,14,15,9,6,2,2,0
437,437,21,391,3830800,304,150,154,30,31,36,27,24,24,21,21,18,15,12,10,11,7,5,2,2,0
438,438,21,391,3830900,51,29,22,5,5,6,4,4,4,3,3,3,2,2,1,1,1,0,0,0,0
439,439,21,391,3831000,67,35,32,6,6,7,6,5,5,4,4,4,3,2,2,2,1,1,0,0,0
440,440,21,391,3831100,979,551,428,97,101,116,89,80,77,68,69,59,50,39,34,37,22,17,6,7,2
441,441,21,391,3831200,109,56,53,10,11,12,10,8,8,7,7,6,5,4,3,4,2,1,0,0,0
442,442,21,391,3831300,236,129,107,23,24,27,21,19,18,16,16,14,12,9,8,9,5,4,1,1,0
443,443,21,391,3831400,0,0,0,0,0,0,0,0,0,0,0,0,0,0,0,0,0,0,0,0,0
444,444,21,391,3831500,515,269,246,51,53,61,47,42,40,36,36,31,26,21,18,19,12,9,3,3,1
445,445,21,391,3831600,54,28,26,5,5,6,4,4,4,3,3,3,2,2,1,2,1,0,0,0,0
446,446,21,391,3831700,306,155,151,30,31,36,28,25,24,21,21,18,15,12,10,11,7,5,2,2,0
447,447,21,391,3831800,157,77,80,15,16,18,14,12,12,11,11,9,8,6,5,6,3,2,1,1,0
448,448,21,391,3831900,105,50,55,10,10,12,9,8,8,7,7,6,5,4,3,4,2,1,0,0,0
449,449,21,391,3832000,399,190,209,39,41,47,36,32,31,28,28,24,20,16,14,15,9,6,2,2,0
450,450,21,391,3832100,80,44,36,7,8,9,7,6,6,5,5,4,4,3,2,3,1,1,0,0,0
451,451,21,391,3832200,22,12,10,2,2,2,2,1,1,1,1,1,1,0,0,0,0,0,0,0,0
452,452,21,391,3832300,510,250,260,50,52,60,46,41,40,35,36,30,26,20,18,19,11,8,3,3,1
453,453,21,391,3832400,309,153,156,30,31,36,28,25,24,21,21,18,15,12,10,11,7,5,2,2,0
454,454,21,391,3832500,742,380,362,73,76,87,68,60,58,52,52,44,38,30,26,28,17,13,5,5,1
455,455,21,391,3832600,145,63,82,14,14,17,13,11,11,10,10,8,7,5,5,5,3,2,1,1,0
456,456,21,391,3832700,200,101,99,19,20,23,18,16,15,14,14,12,10,8,7,7,4,3,1,1,0
457,457,21,391,3832800,230,125,105,22,23,27,21,18,18,16,16,13,11,9,8,8,5,4,1,1,0
458,458,21,391,3832900,1733,827,906,172,179,205,159,141,137,122,122,104,89,70,61,66,40,30,12,12,4
459,459,21,391,3833000,56,25,31,5,5,6,5,4,4,3,3,3,2,2,1,2,1,0,0,0,0
460,460,21,391,3833100,66,27,39,6,6,7,6,5,5,4,4,3,3,2,2,2,1,1,0,0,0
461,461,21,391,3833200,355,181,174,35,36,42,32,29,28,24,25,21,18,14,12,13,8,6,2,2,0
462,462,21,391,3833300,146,64,82,14,15,17,13,11,11,10,10,8,7,5,5,5,3,2,1,1,0
463,463,21,391,3833400,230,119,111,22,23,27,21,18,18,16,16,13,11,9,8,8,5,4,1,1,0
464,464,21,391,3833500,135,70,65,13,13,16,12,11,10,9,9,8,6,5,4,5,3,2,0,1,0
465,465,21,391,3833600,137,64,73,13,14,16,12,11,10,9,9,8,7,5,4,5,3,2,0,1,0
466,466,21,391,3833700,0,0,0,0,0,0,0,0,0,0,0,0,0,0,0,0,0,0,0,0,0
467,467,21,391,3833800,225,118,107,22,23,26,20,18,17,15,15,13,11,9,7,8,5,3,1,1,0
468,468,21,391,3833900,177,80,97,17,18,20,16,14,14,12,12,10,9,7,6,6,4,3,1,1,0
469,469,21,391,3834000,25,12,13,2,2,2,2,2,1,1,1,1,1,1,0,0,0,0,0,0,0
470,470,21,391,3834100,341,166,175,33,35,40,31,27,26,24,24,20,17,13,12,13,7,5,2,2,0
471,471,21,391,3834200,21,9,12,2,2,2,1,1,1,1,1,1,1,0,0,0,0,0,0,0,0
472,472,21,391,3834300,139,68,71,13,14,16,12,11,10,9,9,8,7,5,4,5,3,2,0,1,0
473,473,21,391,3834400,233,120,113,23,24,27,21,19,18,16,16,14,11,9,8,8,5,4,1,1,0
474,474,21,391,3834500,218,100,118,21,22,25,20,17,17,15,15,13,11,8,7,8,5,3,1,1,0
475,475,21,391,3834600,10,4,6,0,1,1,0,0,0,0,0,0,0,0,0,0,0,0,0,0,0
476,476,21,391,3834700,62,27,35,6,6,7,5,5,4,4,4,3,3,2,2,2,1,1,0,0,0
477,477,21,391,3834800,63,31,32,6,6,7,5,5,4,4,4,3,3,2,2,2,1,1,0,0,0
478,478,21,391,3834900,0,0,0,0,0,0,0,0,0,0,0,0,0,0,0,0,0,0,0,0,0
479,479,21,391,3835000,202,102,100,20,20,23,18,16,15,14,14,12,10,8,7,7,4,3,1,1,0
480,480,21,391,3835100,0,0,0,0,0,0,0,0,0,0,0,0,0,0,0,0,0,0,0,0,0
481,481,21,391,3835200,350,167,183,34,36,41,32,28,27,24,24,21,17,14,12,13,8,6,2,2,0
482,482,21,391,3835300,309,157,152,30,31,36,28,25,24,21,21,18,15,12,10,11,7,5,2,2,0
483,483,21,391,3835400,235,120,115,23,24,27,21,19,18,16,16,14,12,9,8,9,5,4,1,1,0
484,484,21,391,3835500,37,18,19,3,3,4,3,3,2,2,2,2,1,1,1,1,0,0,0,0,0
485,485,21,391,3835600,386,199,187,38,39,45,35,31,30,27,27,23,19,15,13,14,9,6,2,2,0
486,486,21,391,3835700,347,168,179,34,35,41,31,28,27,24,24,20,17,14,12,13,8,6,2,2,0
487,487,21,391,3835800,89,41,48,8,9,10,8,7,7,6,6,5,4,3,3,3,2,1,0,0,0
488,488,21,391,3835900,106,54,52,10,10,12,9,8,8,7,7,6,5,4,3,4,2,1,0,0,0
489,489,21,391,3836000,66,34,32,6,6,7,6,5,5,4,4,3,3,2,2,2,1,1,0,0,0
490,490,21,391,3836100,40,16,24,3,4,4,3,3,3,2,2,2,2,1,1,1,0,0,0,0,0
491,491,21,391,3836200,445,220,225,44,46,52,40,36,35,31,31,26,22,18,15,17,10,7,3,3,1
492,492,21,391,3836300,375,181,194,37,38,44,34,30,29,26,26,22,19,15,13,14,8,6,2,2,0
493,493,21,391,3836400,226,109,117,22,23,26,20,18,17,15,15,13,11,9,8,8,5,3,1,1,0
494,494,21,391,3836500,70,30,40,6,7,8,6,5,5,4,4,4,3,2,2,2,1,1,0,0,0
495,495,21,391,3836600,116,56,60,11,11,13,10,9,9,8,8,6,5,4,4,4,2,2,0,0,0
496,496,21,391,3836700,258,120,138,25,26,30,23,21,20,18,18,15,13,10,9,9,6,4,1,1,0
497,497,21,391,3836800,16,8,8,1,1,1,1,1,1,1,1,0,0,0,0,0,0,0,0,0,0
498,498,21,391,3836900,53,20,33,5,5,6,4,4,4,3,3,3,2,2,1,2,1,0,0,0,0
499,499,21,391,3837000,49,25,24,4,5,5,4,4,3,3,3,2,2,1,1,1,1,0,0,0,0
500,500,21,391,3837100,48,23,25,4,4,5,4,3,3,3,3,2,2,1,1,1,1,0,0,0,0
501,501,21,391,3837200,133,68,65,13,13,15,12,10,10,9,9,8,6,5,4,5,3,2,0,0,0
502,502,21,391,3837300,106,49,57,10,10,12,9,8,8,7,7,6,5,4,3,4,2,1,0,0,0
503,503,21,391,3837400,109,48,61,10,11,12,10,8,8,7,7,6,5,4,3,4,2,1,0,0,0
504,504,21,391,3837500,99,47,52,9,10,11,9,8,7,6,7,5,5,4,3,3,2,1,0,0,0
505,505,21,391,3837600,12,5,7,1,1,1,1,0,0,0,0,0,0,0,0,0,0,0,0,0,0
506,506,21,391,3837700,124,61,63,12,12,14,11,10,9,8,8,7,6,5,4,4,2,2,0,0,0
507,507,21,391,3837800,47,24,23,4,4,5,4,3,3,3,3,2,2,1,1,1,1,0,0,0,0
508,508,21,391,3837900,11,7,4,1,1,1,1,0,0,0,0,0,0,0,0,0,0,0,0,0,0
509,509,21,391,3838000,79,44,35,7,8,9,7,6,6,5,5,4,4,3,2,3,1,1,0,0,0
510,510,21,391,3838100,16,10,6,1,1,1,1,1,1,1,1,0,0,0,0,0,0,0,0,0,0
511,511,21,391,3838200,46,20,26,4,4,5,4,3,3,3,3,2,2,1,1,1,1,0,0,0,0
512,512,21,391,3838300,43,27,16,4,4,5,3,3,3,3,3,2,2,1,1,1,1,0,0,0,0
513,513,21,391,3838400,155,62,93,15,16,18,14,12,12,10,10,9,7,6,5,5,3,2,1,1,0
514,514,21,391,3838500,216,112,104,21,22,25,19,17,17,15,15,13,11,8,7,8,5,3,1,1,0
515,515,21,391,3838600,56,22,34,5,5,6,5,4,4,3,3,3,2,2,1,2,1,0,0,0,0
516,516,21,391,3838700,163,82,81,16,16,19,14,13,12,11,11,9,8,6,5,6,3,2,1,1,0
517,517,21,391,3838800,118,56,62,11,12,13,10,9,9,8,8,7,6,4,4,4,2,2,0,0,0
518,518,21,391,3838900,142,72,70,14,14,16,13,11,11,9,10,8,7,5,5,5,3,2,1,1,0
519,519,21,391,3839000,398,202,196,39,41,47,36,32,31,28,28,24,20,16,14,15,9,6,2,2,0
520,520,21,391,3839100,337,177,160,33,34,39,30,27,26,23,23,20,17,13,11,12,7,5,2,2,0
521,521,21,391,3839200,847,445,402,84,87,100,77,69,67,59,59,51,43,34,30,32,19,14,5,6,2
522,522,21,391,3839300,232,125,107,23,23,27,21,19,18,16,16,13,11,9,8,8,5,4,1,1,0
523,523,21,391,3839400,362,187,175,36,37,42,33,29,28,25,25,21,18,14,12,13,8,6,2,2,0
524,524,21,391,3839500,158,81,77,15,16,18,14,12,12,11,11,9,8,6,5,6,3,2,1,1,0
525,525,21,391,3839600,222,116,106,22,22,26,20,18,17,15,15,13,11,9,7,8,5,3,1,1,0
526,526,21,391,3839700,404,197,207,40,41,47,37,33,31,28,28,24,20,16,14,15,9,7,2,3,0
527,527,21,391,3839800,283,141,142,28,29,33,26,23,22,19,20,17,14,11,10,10,6,4,2,2,0
528,528,21,391,3839900,137,64,73,13,14,16,12,11,10,9,9,8,7,5,4,5,3,2,0,1,0
529,529,21,391,3840000,215,112,103,21,22,25,19,17,17,15,15,12,11,8,7,8,5,3,1,1,0
530,530,21,391,3840100,116,59,57,11,11,13,10,9,9,8,8,6,5,4,4,4,2,2,0,0,0
531,531,21,391,3840200,224,115,109,22,23,26,20,18,17,15,15,13,11,9,7,8,5,3,1,1,0
532,532,21,391,3840300,282,144,138,28,29,33,25,23,22,19,19,17,14,11,10,10,6,4,1,2,0
533,533,21,391,3840400,22,12,10,2,2,2,2,1,1,1,1,1,1,0,0,0,0,0,0,0,0
534,534,21,391,3840500,172,93,79,17,17,20,15,14,13,12,12,10,8,7,6,6,4,3,1,1,0
535,535,21,391,3840600,66,33,33,6,6,7,6,5,5,4,4,3,3,2,2,2,1,1,0,0,0
536,536,21,391,3840700,27,14,13,2,2,3,2,2,2,1,1,1,1,1,0,1,0,0,0,0,0
537,537,21,391,3840800,122,59,63,12,12,14,11,9,9,8,8,7,6,4,4,4,2,2,0,0,0
538,538,21,391,3840900,176,82,94,17,18,20,16,14,13,12,12,10,9,7,6,6,4,3,1,1,0
539,539,21,391,3841000,617,302,315,61,63,73,56,50,48,43,43,37,31,25,21,23,14,10,4,4,1
540,540,21,391,3841100,0,0,0,0,0,0,0,0,0,0,0,0,0,0,0,0,0,0,0,0,0
541,541,21,391,3841200,173,83,90,17,17,20,15,14,13,12,12,10,8,7,6,6,4,3,1,1,0
542,542,21,391,3841300,586,300,286,58,60,69,53,48,46,41,41,35,30,23,20,22,13,10,4,4,1
543,543,21,391,3841400,81,46,35,8,8,9,7,6,6,5,5,4,4,3,2,3,1,1,0,0,0
544,544,21,391,3841500,2474,1289,1185,246,255,293,227,202,195,174,175,149,127,100,87,94,57,43,17,18,6
545,545,21,391,3841600,1005,523,482,100,103,119,92,82,79,70,71,60,51,40,35,38,23,17,7,7,2
546,546,21,391,3841700,1225,616,609,122,126,145,112,100,96,86,86,73,62,49,43,47,28,21,8,9,2
547,547,21,391,3841800,948,467,481,94,98,112,87,77,74,66,67,57,48,38,33,36,22,16,6,7,2
548,548,21,391,3841900,0,0,0,0,0,0,0,0,0,0,0,0,0,0,0,0,0,0,0,0,0
549,549,21,391,3842000,766,420,346,76,79,90,70,62,60,53,54,46,39,31,27,29,17,13,5,5,1
550,550,21,391,3842100,259,135,124,25,26,30,23,21,20,18,18,15,13,10,9,9,6,4,1,1,0
551,551,21,391,3842200,316,168,148,31,32,37,29,25,24,22,22,19,16,12,11,12,7,5,2,2,0
552,552,21,391,3842300,0,0,0,0,0,0,0,0,0,0,0,0,0,0,0,0,0,0,0,0,0
553,553,21,391,3842400,583,298,285,58,60,69,53,47,46,41,41,35,29,23,20,22,13,10,4,4,1
554,554,21,391,3842500,448,235,213,44,46,53,41,36,35,31,31,27,23,18,15,17,10,7,3,3,1
555,555,21,391,3842600,981,505,476,97,101,116,90,80,77,69,69,59,50,40,34,37,22,17,6,7,2
556,556,21,391,3842700,837,412,425,83,86,99,76,68,66,58,59,50,43,34,29,32,19,14,5,6,2
557,557,21,391,3842800,661,337,324,65,68,78,60,54,52,46,46,39,33,26,23,25,15,11,4,4,1
558,558,21,391,3842900,380,191,189,37,39,45,34,31,30,26,26,22,19,15,13,14,8,6,2,2,0
559,559,21,391,3843000,739,367,372,73,76,87,67,60,58,52,52,44,37,30,26,28,17,12,5,5,1
560,560,21,391,3843100,0,0,0,0,0,0,0,0,0,0,0,0,0,0,0,0,0,0,0,0,0
561,561,21,391,3843200,2834,1381,1453,282,293,336,260,232,224,199,200,170,145,115,100,108,66,49,20,21,6
562,562,21,391,3843300,288,140,148,28,29,34,26,23,22,20,20,17,14,11,10,11,6,5,2,2,0
563,563,21,391,3843400,570,301,269,56,58,67,52,46,45,40,40,34,29,23,20,21,13,9,4,4,1
564,564,21,391,3843500,614,303,311,61,63,72,56,50,48,43,43,37,31,25,21,23,14,10,4,4,1
565,565,21,391,3843600,352,179,173,35,36,41,32,28,27,24,24,21,18,14,12,13,8,6,2,2,0
566,566,21,391,3843700,335,177,158,33,34,39,30,27,26,23,23,20,17,13,11,12,7,5,2,2,0
567,567,21,391,3843800,18,8,10,1,1,2,1,1,1,1,1,1,0,0,0,0,0,0,0,0,0
568,568,21,391,3843900,544,263,281,54,56,64,49,44,43,38,38,32,27,22,19,20,12,9,3,4,1
569,569,21,391,3844000,463,231,232,46,47,54,42,37,36,32,32,27,23,18,16,17,10,8,3,3,1
570,570,21,391,3844100,1188,591,597,118,122,140,109,97,93,83,84,71,61,48,42,45,27,20,8,8,2
571,571,21,391,3844200,1439,724,715,143,148,170,132,117,113,101,101,86,73,58,51,55,33,25,10,10,3
572,572,21,391,3844300,1013,521,492,100,104,120,93,82,80,71,71,61,52,41,35,38,23,17,7,7,2
573,573,21,391,3844400,1420,681,739,141,146,168,130,116,112,99,100,85,72,57,50,54,33,24,10,10,3
574,574,21,391,3844500,757,399,358,75,78,89,69,62,59,53,53,45,38,30,26,29,17,13,5,5,1
575,575,21,391,3844600,557,278,279,55,57,66,51,45,44,39,39,33,28,22,19,21,13,9,3,4,1
576,576,21,391,3844700,511,256,255,50,52,60,46,41,40,35,36,30,26,20,18,19,11,8,3,3,1
577,577,21,391,3844800,1247,614,633,124,128,147,114,102,98,87,88,75,64,50,44,47,29,21,8,9,3
578,578,21,391,3844900,656,337,319,65,67,77,60,53,51,46,46,39,33,26,23,25,15,11,4,4,1
579,579,21,391,3845000,460,235,225,45,47,54,42,37,36,32,32,27,23,18,16,17,10,8,3,3,1
580,580,21,391,3845100,224,115,109,22,23,26,20,18,17,15,15,13,11,9,7,8,5,3,1,1,0
581,581,21,391,3845200,0,0,0,0,0,0,0,0,0,0,0,0,0,0,0,0,0,0,0,0,0
582,582,21,391,3845300,505,265,240,50,52,59,46,41,39,35,35,30,25,20,17,19,11,8,3,3,1
583,583,21,391,3845400,189,85,104,18,19,22,17,15,14,13,13,11,9,7,6,7,4,3,1,1,0
584,584,21,391,3845500,608,301,307,60,62,72,55,49,48,42,43,36,31,24,21,23,14,10,4,4,1
585,585,21,391,3845600,272,132,140,27,28,32,24,22,21,19,19,16,13,11,9,10,6,4,1,2,0
586,586,21,391,3845700,578,294,284,57,59,68,53,47,45,40,40,34,29,23,20,22,13,10,4,4,1
587,587,21,391,3845800,1059,524,535,105,109,125,97,86,83,74,74,63,54,43,37,40,24,18,7,7,2
588,588,21,391,3845900,432,211,221,43,44,51,39,35,34,30,30,26,22,17,15,16,10,7,3,3,1
589,589,21,391,3846000,858,431,427,85,88,101,78,70,67,60,60,51,44,34,30,32,20,15,6,6,2
590,590,21,391,3846100,537,268,269,53,55,63,49,43,42,37,38,32,27,21,19,20,12,9,3,3,1
591,591,21,391,3846200,720,376,344,71,74,85,66,58,56,50,50,43,36,29,25,27,16,12,5,5,1
592,592,21,391,3846300,496,243,253,49,51,58,45,40,39,34,35,29,25,20,17,19,11,8,3,3,1
593,593,21,391,3846400,345,170,175,34,35,40,31,28,27,24,24,20,17,14,12,13,8,6,2,2,0
594,594,21,391,3846500,485,250,235,48,50,57,44,39,38,34,34,29,24,19,17,18,11,8,3,3,1
595,595,21,391,3846600,441,209,232,43,45,52,40,36,34,31,31,26,22,17,15,16,10,7,3,3,1
596,596,21,391,3846700,159,87,72,15,16,18,14,13,12,11,11,9,8,6,5,6,3,2,1,1,0
597,597,21,391,3846800,267,142,125,26,27,31,24,21,21,18,18,16,13,10,9,10,6,4,1,1,0
598,598,21,391,3846900,348,179,169,34,35,41,31,28,27,24,24,20,17,14,12,13,8,6,2,2,0
599,599,21,391,3847000,274,133,141,27,28,32,25,22,21,19,19,16,14,11,9,10,6,4,1,2,0
600,600,21,391,3847100,252,125,127,25,26,29,23,20,19,17,17,15,12,10,8,9,5,4,1,1,0
601,601,21,391,3847200,352,186,166,35,36,41,32,28,27,24,24,21,18,14,12,13,8,6,2,2,0
602,602,21,391,3847300,142,72,70,14,14,16,13,11,11,9,10,8,7,5,5,5,3,2,1,1,0
603,603,21,391,3847400,248,121,127,24,25,29,22,20,19,17,17,14,12,10,8,9,5,4,1,1,0
604,604,21,391,3847500,1013,536,477,100,104,120,93,82,80,71,71,61,52,41,35,38,23,17,7,7,2
605,605,21,391,3847600,264,146,118,26,27,31,24,21,20,18,18,15,13,10,9,10,6,4,1,1,0
606,606,21,391,3847700,539,261,278,53,55,63,49,44,42,37,38,32,27,21,19,20,12,9,3,4,1
607,607,21,391,3847800,365,184,181,36,37,43,33,29,28,25,25,22,18,14,12,14,8,6,2,2,0
608,608,21,391,3847900,271,137,134,26,28,32,24,22,21,19,19,16,13,11,9,10,6,4,1,2,0
609,609,21,391,3848000,554,258,296,55,57,65,50,45,43,39,39,33,28,22,19,21,12,9,3,4,1
610,610,21,391,3848100,422,209,213,42,43,50,38,34,33,29,29,25,21,17,14,16,9,7,2,3,1
611,611,21,391,3848200,456,232,224,45,47,54,41,37,36,32,32,27,23,18,16,17,10,7,3,3,1
612,612,21,391,3848300,35,20,15,3,3,4,3,2,2,2,2,2,1,1,1,1,0,0,0,0,0
613,613,21,391,3848400,43,23,20,4,4,5,3,3,3,3,3,2,2,1,1,1,1,0,0,0,0
614,614,21,391,3848500,231,121,110,23,23,27,21,18,18,16,16,13,11,9,8,8,5,4,1,1,0
615,615,21,391,3848600,248,124,124,24,25,29,22,20,19,17,17,14,12,10,8,9,5,4,1,1,0
616,616,21,391,3848700,164,85,79,16,16,19,15,13,12,11,11,9,8,6,5,6,3,2,1,1,0
617,617,21,391,3848800,77,40,37,7,7,9,7,6,6,5,5,4,3,3,2,2,1,1,0,0,0
618,618,21,391,3848900,362,159,203,36,37,42,33,29,28,25,25,21,18,14,12,13,8,6,2,2,0
619,619,21,391,3849000,116,55,61,11,11,13,10,9,9,8,8,6,5,4,4,4,2,2,0,0,0
620,620,21,391,3849100,204,107,97,20,21,24,18,16,16,14,14,12,10,8,7,7,4,3,1,1,0
621,621,21,391,3849200,0,0,0,0,0,0,0,0,0,0,0,0,0,0,0,0,0,0,0,0,0
622,622,21,391,3849300,244,122,122,24,25,28,22,19,19,17,17,14,12,9,8,9,5,4,1,1,0
623,623,21,391,3849400,336,165,171,33,34,39,30,27,26,23,23,20,17,13,11,12,7,5,2,2,0
624,624,21,391,3849500,248,119,129,24,25,29,22,20,19,17,17,14,12,10,8,9,5,4,1,1,0
625,625,21,391,3849600,171,82,89,17,17,20,15,14,13,12,12,10,8,6,6,6,4,2,1,1,0
626,626,21,391,3849700,216,103,113,21,22,25,19,17,17,15,15,13,11,8,7,8,5,3,1,1,0
627,627,21,391,3849800,36,18,18,3,3,4,3,2,2,2,2,2,1,1,1,1,0,0,0,0,0
628,628,21,391,3849900,88,38,50,8,9,10,8,7,6,6,6,5,4,3,3,3,2,1,0,0,0
629,629,21,391,3850000,90,47,43,8,9,10,8,7,7,6,6,5,4,3,3,3,2,1,0,0,0
630,630,21,391,3850100,37,22,15,3,3,4,3,3,2,2,2,2,1,1,1,1,0,0,0,0,0
631,631,21,391,3850200,0,0,0,0,0,0,0,0,0,0,0,0,0,0,0,0,0,0,0,0,0
632,632,21,391,3850300,515,268,247,51,53,61,47,42,40,36,36,31,26,21,18,19,12,9,3,3,1
633,633,21,391,3850400,522,262,260,51,53,61,47,42,41,36,36,31,26,21,18,20,12,9,3,3,1
634,634,21,391,3850500,337,171,166,33,34,39,30,27,26,23,23,20,17,13,11,12,7,5,2,2,0
635,635,21,391,3850600,373,181,192,37,38,44,34,30,29,26,26,22,19,15,13,14,8,6,2,2,0
636,636,21,391,3850700,762,389,373,75,78,90,70,62,60,53,53,45,39,31,27,29,17,13,5,5,1
637,637,21,391,3850800,321,158,163,31,33,38,29,26,25,22,22,19,16,13,11,12,7,5,2,2,0
638,638,21,391,3850900,412,200,212,41,42,48,37,33,32,29,29,24,21,16,14,15,9,7,2,3,1
639,639,21,391,3851000,1284,664,620,127,132,152,117,105,101,90,90,77,65,52,45,49,30,22,9,9,3
640,640,21,391,3851100,53,27,26,5,5,6,4,4,4,3,3,3,2,2,1,2,1,0,0,0,0
641,641,21,391,3851200,241,127,114,24,24,28,22,19,19,16,17,14,12,9,8,9,5,4,1,1,0
642,642,21,391,3851300,3311,1648,1663,329,342,392,304,271,261,233,234,199,170,135,117,127,77,58,23,24,8
643,643,21,391,3851400,54,25,29,5,5,6,4,4,4,3,3,3,2,2,1,2,1,0,0,0,0
644,644,21,391,3851500,1313,635,678,130,135,155,120,107,103,92,92,79,67,53,46,50,30,23,9,9,3
645,645,21,391,3851600,690,349,341,68,71,81,63,56,54,48,48,41,35,28,24,26,16,12,4,5,1
646,646,21,391,3851700,186,93,93,18,19,22,17,15,14,13,13,11,9,7,6,7,4,3,1,1,0
647,647,21,391,3851800,0,0,0,0,0,0,0,0,0,0,0,0,0,0,0,0,0,0,0,0,0
648,648,21,391,3851900,0,0,0,0,0,0,0,0,0,0,0,0,0,0,0,0,0,0,0,0,0
649,649,21,391,3852000,38,17,21,3,3,4,3,3,3,2,2,2,1,1,1,1,0,0,0,0,0
650,650,21,391,3852100,428,207,221,42,44,50,39,35,33,30,30,25,21,17,15,16,10,7,3,3,1
651,651,21,391,3852200,638,319,319,63,65,75,58,52,50,44,45,38,32,26,22,24,14,11,4,4,1
652,652,21,391,3852300,158,77,81,15,16,18,14,12,12,11,11,9,8,6,5,6,3,2,1,1,0
653,653,21,391,3852400,190,98,92,18,19,22,17,15,15,13,13,11,9,7,6,7,4,3,1,1,0
654,654,21,391,3852500,536,272,264,53,55,63,49,43,42,37,37,32,27,21,19,20,12,9,3,3,1
655,655,21,391,3852600,496,239,257,49,51,58,45,40,39,34,35,29,25,20,17,19,11,8,3,3,1
656,656,21,391,3852700,541,278,263,53,55,64,49,44,42,38,38,32,27,22,19,20,12,9,3,4,1
657,657,21,391,3852800,435,210,225,43,44,51,39,35,34,30,30,26,22,17,15,16,10,7,3,3,1
658,658,21,391,3852900,405,198,207,40,41,48,37,33,32,28,28,24,20,16,14,15,9,7,2,3,0
659,659,21,391,3853000,542,272,270,53,56,64,49,44,42,38,38,32,27,22,19,20,12,9,3,4,1
660,660,21,391,3853100,921,467,454,91,95,109,84,75,72,64,65,55,47,37,32,35,21,16,6,6,2
661,661,21,391,3853200,1037,526,511,103,107,122,95,84,82,73,73,62,53,42,36,39,24,18,7,7,2
662,662,21,391,3853300,254,127,127,25,26,30,23,20,20,17,17,15,13,10,9,9,5,4,1,1,0
663,663,21,391,3853400,181,90,91,18,18,21,16,14,14,12,12,10,9,7,6,6,4,3,1,1,0
664,664,21,391,3853500,926,483,443,92,95,109,85,75,73,65,65,55,47,37,32,35,21,16,6,6,2
665,665,21,391,3853600,337,178,159,33,34,39,30,27,26,23,23,20,17,13,11,12,7,5,2,2,0
666,666,21,391,3853700,643,342,301,64,66,76,59,52,50,45,45,38,33,26,22,24,15,11,4,4,1
667,667,21,391,3853800,1467,816,651,146,151,173,134,120,116,103,103,88,75,59,52,56,34,25,10,10,3
668,668,21,391,3853900,833,424,409,82,86,98,76,68,65,58,58,50,42,33,29,31,19,14,5,6,2
669,669,21,391,3854000,477,239,238,47,49,56,43,39,37,33,33,28,24,19,16,18,11,8,3,3,1
670,670,21,391,3854100,503,242,261,50,52,59,46,41,39,35,35,30,25,20,17,19,11,8,3,3,1
671,671,21,391,3854200,823,426,397,81,85,97,75,67,65,57,58,49,42,33,29,31,19,14,5,6,2
672,672,21,391,3854300,296,147,149,29,30,35,27,24,23,20,20,17,15,12,10,11,6,5,2,2,0
673,673,21,391,3854400,643,309,334,64,66,76,59,52,50,45,45,38,33,26,22,24,15,11,4,4,1
674,674,21,391,3854500,569,280,289,56,58,67,52,46,45,40,40,34,29,23,20,21,13,9,4,4,1
675,675,21,391,3854600,369,196,173,36,38,43,33,30,29,25,26,22,18,15,13,14,8,6,2,2,0
676,676,21,391,3854700,180,88,92,17,18,21,16,14,14,12,12,10,9,7,6,6,4,3,1,1,0
677,677,21,391,3854800,1911,960,951,190,197,226,175,156,151,134,135,115,98,77,67,73,44,33,13,14,4
678,678,21,391,3854900,925,435,490,92,95,109,84,75,73,65,65,55,47,37,32,35,21,16,6,6,2
679,679,21,391,3855000,435,215,220,43,44,51,39,35,34,30,30,26,22,17,15,16,10,7,3,3,1
680,680,21,391,3855100,646,324,322,64,66,76,59,52,51,45,45,38,33,26,22,24,15,11,4,4,1
681,681,21,391,3855200,341,174,167,33,35,40,31,27,26,24,24,20,17,13,12,13,7,5,2,2,0
682,682,21,391,3855300,847,411,436,84,87,100,77,69,67,59,59,51,43,34,30,32,19,14,5,6,2
683,683,21,391,3855400,893,460,433,88,92,105,82,73,70,62,63,53,45,36,31,34,20,15,6,6,2
684,684,21,391,3855500,688,330,358,68,71,81,63,56,54,48,48,41,35,28,24,26,16,12,4,5,1
685,685,21,391,3855600,642,332,310,63,66,76,58,52,50,45,45,38,32,26,22,24,15,11,4,4,1
686,686,21,391,3855700,504,258,246,50,52,59,46,41,39,35,35,30,25,20,17,19,11,8,3,3,1
687,687,21,391,3855800,1032,549,483,102,106,122,94,84,81,72,73,62,53,42,36,39,24,18,7,7,2
688,688,21,391,3855900,538,270,268,53,55,63,49,44,42,37,38,32,27,21,19,20,12,9,3,4,1
689,689,21,391,3856000,652,314,338,64,67,77,59,53,51,45,46,39,33,26,23,25,15,11,4,4,1
690,690,21,391,3856100,165,80,85,16,17,19,15,13,13,11,11,9,8,6,5,6,3,2,1,1,0
691,691,21,391,3856200,586,296,290,58,60,69,53,48,46,41,41,35,30,23,20,22,13,10,4,4,1
692,692,21,391,3856300,716,342,374,71,74,84,65,58,56,50,50,43,36,29,25,27,16,12,5,5,1
693,693,21,391,3856400,419,205,214,41,43,49,38,34,33,29,29,25,21,17,14,16,9,7,2,3,1
694,694,21,391,3856500,209,98,111,20,21,24,19,17,16,14,14,12,10,8,7,8,4,3,1,1,0
695,695,21,391,3856600,1463,720,743,145,151,173,134,119,115,103,103,88,75,59,51,56,34,25,10,10,3
696,696,21,391,3856700,990,489,501,98,102,117,90,81,78,69,70,59,50,40,35,38,23,17,7,7,2
697,697,21,391,3856800,485,242,243,48,50,57,44,39,38,34,34,29,24,19,17,18,11,8,3,3,1
698,698,21,391,3856900,705,360,345,70,72,83,64,57,55,49,49,42,36,28,25,27,16,12,4,5,1
699,699,21,391,3857000,321,167,154,31,33,38,29,26,25,22,22,19,16,13,11,12,7,5,2,2,0
700,700,21,391,3857100,113,56,57,11,11,13,10,9,8,7,7,6,5,4,4,4,2,1,0,0,0
701,701,21,391,3857200,486,245,241,48,50,57,44,39,38,34,34,29,24,19,17,18,11,8,3,3,1
702,702,21,391,3857300,400,192,208,39,41,47,36,32,31,28,28,24,20,16,14,15,9,7,2,2,0
703,703,21,391,3857400,1756,880,876,174,181,208,161,143,138,123,124,105,90,71,62,67,41,30,12,13,4
704,704,21,391,3857500,539,259,280,53,55,63,49,44,42,37,38,32,27,21,19,20,12,9,3,4,1
705,705,21,391,3857600,4094,2079,2015,407,423,485,376,335,323,288,289,246,210,166,145,157,95,71,28,30,10
706,706,21,391,3857700,858,430,428,85,88,101,78,70,67,60,60,51,44,34,30,32,20,15,6,6,2
707,707,21,391,3857800,479,239,240,47,49,56,44,39,37,33,33,28,24,19,16,18,11,8,3,3,1
708,708,21,391,3857900,332,174,158,33,34,39,30,27,26,23,23,20,17,13,11,12,7,5,2,2,0
709,709,21,391,3858000,560,285,275,55,57,66,51,45,44,39,39,33,28,22,19,21,13,9,3,4,1
710,710,21,391,3858100,0,0,0,0,0,0,0,0,0,0,0,0,0,0,0,0,0,0,0,0,0
711,711,21,391,3858200,552,285,267,54,57,65,50,45,43,38,39,33,28,22,19,21,12,9,3,4,1
712,712,21,391,3858300,636,324,312,63,65,75,58,52,50,44,45,38,32,25,22,24,14,11,4,4,1
713,713,21,391,3858400,413,220,193,41,42,48,37,33,32,29,29,24,21,16,14,15,9,7,2,3,1
714,714,21,391,3858500,101,56,45,10,10,11,9,8,7,7,7,6,5,4,3,3,2,1,0,0,0
715,715,21,391,3858600,296,159,137,29,30,35,27,24,23,20,20,17,15,12,10,11,6,5,2,2,0
716,716,21,391,3858700,385,191,194,38,39,45,35,31,30,27,27,23,19,15,13,14,9,6,2,2,0
717,717,21,391,3858800,587,315,272,58,60,69,53,48,46,41,41,35,30,23,20,22,13,10,4,4,1
718,718,21,391,3858900,283,144,139,28,29,33,26,23,22,19,20,17,14,11,10,10,6,4,2,2,0
719,719,21,391,3859000,0,0,0,0,0,0,0,0,0,0,0,0,0,0,0,0,0,0,0,0,0
720,720,21,391,3859100,281,151,130,27,29,33,25,23,22,19,19,16,14,11,9,10,6,4,1,2,0
721,721,21,391,3859200,242,125,117,24,25,28,22,19,19,17,17,14,12,9,8,9,5,4,1,1,0
722,722,21,391,3859300,209,112,97,20,21,24,19,17,16,14,14,12,10,8,7,8,4,3,1,1,0
723,723,21,391,3859400,261,128,133,25,26,30,23,21,20,18,18,15,13,10,9,10,6,4,1,1,0
724,724,21,391,3859500,547,274,273,54,56,64,50,44,43,38,38,32,28,22,19,20,12,9,3,4,1
725,725,21,391,3859600,66,30,36,6,6,7,6,5,5,4,4,3,3,2,2,2,1,1,0,0,0
726,726,21,391,3859700,349,185,164,34,36,41,32,28,27,24,24,21,17,14,12,13,8,6,2,2,0
727,727,21,391,3859800,246,126,120,24,25,29,22,20,19,17,17,14,12,10,8,9,5,4,1,1,0
728,728,21,391,3859900,16,9,7,1,1,1,1,1,1,1,1,0,0,0,0,0,0,0,0,0,0
729,729,21,391,3860000,884,445,439,88,91,104,81,72,69,62,62,53,45,36,31,33,20,15,6,6,2
730,730,21,391,3860100,677,353,324,67,70,80,62,55,53,47,47,40,34,27,24,25,15,11,4,5,1
731,731,21,391,3860200,350,190,160,34,36,41,32,28,27,24,24,21,17,14,12,13,8,6,2,2,0
732,732,21,391,3860300,751,371,380,74,77,89,69,61,59,52,53,45,38,30,26,28,17,13,5,5,1
733,733,21,391,3860400,131,67,64,13,13,15,12,10,10,9,9,7,6,5,4,5,3,2,0,0,0
734,734,21,391,3860500,176,86,90,17,18,20,16,14,13,12,12,10,9,7,6,6,4,3,1,1,0
735,735,21,391,3860600,673,348,325,67,69,79,61,55,53,47,47,40,34,27,23,25,15,11,4,5,1
736,736,21,391,3860700,330,164,166,32,34,39,30,27,26,23,23,19,16,13,11,12,7,5,2,2,0
737,737,21,391,3860800,361,183,178,35,37,42,33,29,28,25,25,21,18,14,12,13,8,6,2,2,0
738,738,21,391,3860900,272,133,139,27,28,32,24,22,21,19,19,16,13,11,9,10,6,4,1,2,0
739,739,21,391,3861000,268,126,142,26,27,31,24,21,21,18,18,16,13,10,9,10,6,4,1,1,0
740,740,21,391,3861100,66,43,23,6,6,7,6,5,5,4,4,3,3,2,2,2,1,1,0,0,0
741,741,21,391,3861200,627,287,340,62,64,74,57,51,49,44,44,37,32,25,22,24,14,10,4,4,1
742,742,21,391,3861300,643,340,303,64,66,76,59,52,50,45,45,38,33,26,22,24,15,11,4,4,1
743,743,21,391,3861400,730,373,357,72,75,86,67,59,57,51,51,44,37,29,25,28,17,12,5,5,1
744,744,21,391,3861500,257,127,130,25,26,30,23,21,20,18,18,15,13,10,9,9,6,4,1,1,0
745,745,21,391,3861600,269,134,135,26,27,31,24,22,21,18,19,16,13,10,9,10,6,4,1,2,0
746,746,21,391,3861700,450,225,225,44,46,53,41,36,35,31,31,27,23,18,15,17,10,7,3,3,1
747,747,21,391,3861800,591,313,278,58,61,70,54,48,46,41,41,35,30,24,20,22,13,10,4,4,1
748,748,21,391,3861900,794,393,401,79,82,94,72,65,62,55,56,47,40,32,28,30,18,13,5,5,1
749,749,21,391,3862000,1631,855,776,162,168,193,149,133,129,114,115,98,83,66,57,62,38,28,11,12,3
750,750,21,391,3862100,198,102,96,19,20,23,18,16,15,13,14,11,10,8,7,7,4,3,1,1,0
751,751,21,391,3862200,112,56,56,11,11,13,10,9,8,7,7,6,5,4,3,4,2,1,0,0,0
752,752,21,391,3862300,222,105,117,22,22,26,20,18,17,15,15,13,11,9,7,8,5,3,1,1,0
753,753,21,391,3862400,302,148,154,30,31,35,27,24,23,21,21,18,15,12,10,11,7,5,2,2,0
754,754,21,391,3862500,160,77,83,15,16,18,14,13,12,11,11,9,8,6,5,6,3,2,1,1,0
755,755,21,391,3862600,2,1,1,0,0,0,0,0,0,0,0,0,0,0,0,0,0,0,0,0,0
756,756,21,391,3862700,0,0,0,0,0,0,0,0,0,0,0,0,0,0,0,0,0,0,0,0,0
757,757,21,391,3862800,648,323,325,64,67,76,59,53,51,45,45,39,33,26,22,24,15,11,4,4,1
758,758,21,391,3862900,83,41,42,8,8,9,7,6,6,5,5,5,4,3,2,3,1,1,0,0,0
759,759,21,391,3863000,288,141,147,28,29,34,26,23,22,20,20,17,14,11,10,11,6,5,2,2,0
760,760,21,391,3863100,233,125,108,23,24,27,21,19,18,16,16,14,11,9,8,8,5,4,1,1,0
761,761,21,391,3863200,998,502,496,99,103,118,91,81,78,70,70,60,51,40,35,38,23,17,7,7,2
762,762,21,391,3863300,345,166,179,34,35,40,31,28,27,24,24,20,17,14,12,13,8,6,2,2,0
763,763,21,391,3863400,725,355,370,72,74,85,66,59,57,51,51,43,37,29,25,27,16,12,5,5,1
764,764,21,391,3863500,166,73,93,16,17,19,15,13,13,11,11,10,8,6,5,6,3,2,1,1,0
765,765,21,391,3863600,526,269,257,52,54,62,48,43,41,37,37,31,27,21,18,20,12,9,3,3,1
766,766,21,391,3863700,211,109,102,21,21,25,19,17,16,14,14,12,10,8,7,8,4,3,1,1,0
767,767,21,391,3863800,797,387,410,79,82,94,73,65,63,56,56,48,40,32,28,30,18,13,5,5,1
768,768,21,391,3863900,564,269,295,56,58,66,51,46,44,39,39,34,28,23,20,21,13,9,3,4,1
769,769,21,391,3864000,1378,677,701,137,142,163,126,112,109,97,97,83,70,56,48,52,32,24,9,10,3
770,770,21,391,3864100,313,163,150,31,32,37,28,25,24,22,22,18,16,12,11,12,7,5,2,2,0
771,771,21,391,3864200,517,276,241,51,53,61,47,42,40,36,36,31,26,21,18,19,12,9,3,3,1
772,772,21,391,3864300,1055,528,527,105,109,125,96,86,83,74,74,63,54,43,37,40,24,18,7,7,2
773,773,21,391,3864400,309,165,144,30,31,36,28,25,24,21,21,18,15,12,10,11,7,5,2,2,0
774,774,21,391,3864500,830,430,400,82,85,98,76,67,65,58,58,50,42,33,29,31,19,14,5,6,2
775,775,21,391,3864600,322,165,157,32,33,38,29,26,25,22,22,19,16,13,11,12,7,5,2,2,0
776,776,21,391,3864700,447,207,240,44,46,53,41,36,35,31,31,26,22,18,15,17,10,7,3,3,1
777,777,21,391,3864800,783,386,397,77,80,92,71,64,61,55,55,47,40,31,27,30,18,13,5,5,1
778,778,21,391,3864900,283,137,146,28,29,33,26,23,22,19,20,17,14,11,10,10,6,4,2,2,0
779,779,21,391,3865000,505,243,262,50,52,59,46,41,39,35,35,30,25,20,17,19,11,8,3,3,1
780,780,21,391,3865100,0,0,0,0,0,0,0,0,0,0,0,0,0,0,0,0,0,0,0,0,0
781,781,21,391,3865200,879,453,426,87,90,104,80,72,69,61,62,53,45,35,31,33,20,15,6,6,2
782,782,21,391,3865300,308,159,149,30,31,36,28,25,24,21,21,18,15,12,10,11,7,5,2,2,0
783,783,21,391,3865400,1756,900,856,174,181,208,161,143,138,123,124,105,90,71,62,67,41,30,12,13,4
784,784,21,391,3865500,445,217,228,44,46,52,40,36,35,31,31,26,22,18,15,17,10,7,3,3,1
785,785,21,391,3865600,747,385,362,74,77,88,68,61,59,52,52,45,38,30,26,28,17,13,5,5,1
786,786,21,391,3865700,1050,522,528,104,108,124,96,86,83,73,74,63,53,42,37,40,24,18,7,7,2
787,787,21,391,3865800,814,431,383,81,84,96,74,66,64,57,57,49,41,33,28,31,19,14,5,6,1
788,788,21,391,3865900,453,233,220,45,46,53,41,37,35,31,32,27,23,18,16,17,10,7,3,3,1
789,789,21,391,3866000,1673,861,812,166,173,198,153,137,132,117,118,100,85,68,59,64,39,29,11,12,4
790,790,21,391,3866100,1059,573,486,105,109,125,97,86,83,74,74,63,54,43,37,40,24,18,7,7,2
791,791,21,391,3866200,366,176,190,36,37,43,33,29,28,25,25,22,18,14,12,14,8,6,2,2,0
792,792,21,391,3866300,1,1,0,0,0,0,0,0,0,0,0,0,0,0,0,0,0,0,0,0,0
793,793,21,391,3866400,359,177,182,35,37,42,32,29,28,25,25,21,18,14,12,13,8,6,2,2,0
794,794,21,391,3866500,938,461,477,93,97,111,86,76,74,66,66,56,48,38,33,36,21,16,6,6,2
795,795,21,391,3866600,604,307,297,60,62,71,55,49,47,42,42,36,31,24,21,23,14,10,4,4,1
796,796,21,391,3866700,334,167,167,33,34,39,30,27,26,23,23,20,17,13,11,12,7,5,2,2,0
797,797,21,391,3866800,941,489,452,93,97,111,86,77,74,66,66,56,48,38,33,36,22,16,6,7,2
798,798,21,391,3866900,137,60,77,13,14,16,12,11,10,9,9,8,7,5,4,5,3,2,0,1,0
799,799,21,391,3867000,190,103,87,18,19,22,17,15,15,13,13,11,9,7,6,7,4,3,1,1,0
800,800,21,391,3867100,56,30,26,5,5,6,5,4,4,3,3,3,2,2,1,2,1,0,0,0,0
801,801,21,391,3867200,307,161,146,30,31,36,28,25,24,21,21,18,15,12,10,11,7,5,2,2,0
802,802,21,391,3867300,165,88,77,16,17,19,15,13,13,11,11,9,8,6,5,6,3,2,1,1,0
803,803,21,391,3867400,187,89,98,18,19,22,17,15,14,13,13,11,9,7,6,7,4,3,1,1,0
804,804,21,391,3867500,443,222,221,44,45,52,40,36,35,31,31,26,22,18,15,17,10,7,3,3,1
805,805,21,391,3867600,230,118,112,22,23,27,21,18,18,16,16,13,11,9,8,8,5,4,1,1,0
806,806,21,391,3867700,73,40,33,7,7,8,6,5,5,5,5,4,3,2,2,2,1,1,0,0,0
807,807,21,391,3867800,137,63,74,13,14,16,12,11,10,9,9,8,7,5,4,5,3,2,0,1,0
808,808,21,391,3867900,347,174,173,34,35,41,31,28,27,24,24,20,17,14,12,13,8,6,2,2,0
809,809,21,391,3868000,324,166,158,32,33,38,29,26,25,22,22,19,16,13,11,12,7,5,2,2,0
810,810,21,391,3868100,340,166,174,33,35,40,31,27,26,23,24,20,17,13,12,13,7,5,2,2,0
811,811,21,391,3868200,417,218,199,41,43,49,38,34,32,29,29,25,21,17,14,16,9,7,2,3,1
812,812,21,391,3868300,313,150,163,31,32,37,28,25,24,22,22,18,16,12,11,12,7,5,2,2,0
813,813,21,391,3868400,275,146,129,27,28,32,25,22,21,19,19,16,14,11,9,10,6,4,1,2,0
814,814,21,391,3868500,21,7,14,2,2,2,1,1,1,1,1,1,1,0,0,0,0,0,0,0,0
815,815,21,391,3868600,68,37,31,6,7,8,6,5,5,4,4,4,3,2,2,2,1,1,0,0,0
816,816,21,391,3868700,53,31,22,5,5,6,4,4,4,3,3,3,2,2,1,2,1,0,0,0,0
817,817,21,391,3868800,334,146,188,33,34,39,30,27,26,23,23,20,17,13,11,12,7,5,2,2,0
818,818,21,391,3868900,180,95,85,17,18,21,16,14,14,12,12,10,9,7,6,6,4,3,1,1,0
819,819,21,391,3869000,157,81,76,15,16,18,14,12,12,11,11,9,8,6,5,6,3,2,1,1,0
820,820,21,391,3869100,178,94,84,17,18,21,16,14,14,12,12,10,9,7,6,6,4,3,1,1,0
821,821,21,391,3869200,196,89,107,19,20,23,18,16,15,13,13,11,10,7,6,7,4,3,1,1,0
822,822,21,391,3869300,38,22,16,3,3,4,3,3,3,2,2,2,1,1,1,1,0,0,0,0,0
823,823,21,391,3869400,88,40,48,8,9,10,8,7,6,6,6,5,4,3,3,3,2,1,0,0,0
824,824,21,391,3869500,171,79,92,17,17,20,15,14,13,12,12,10,8,6,6,6,4,2,1,1,0
825,825,21,391,3869600,0,0,0,0,0,0,0,0,0,0,0,0,0,0,0,0,0,0,0,0,0
826,826,21,391,3869700,36,17,19,3,3,4,3,2,2,2,2,2,1,1,1,1,0,0,0,0,0
827,827,21,391,3869800,391,265,126,38,40,46,35,32,30,27,27,23,20,15,13,15,9,6,2,2,0
828,828,21,391,3869900,0,0,0,0,0,0,0,0,0,0,0,0,0,0,0,0,0,0,0,0,0
829,829,21,391,3870000,150,74,76,14,15,17,13,12,11,10,10,9,7,6,5,5,3,2,1,1,0
830,830,21,391,3870100,395,186,209,39,40,46,36,32,31,27,27,23,20,16,14,15,9,6,2,2,0
831,831,21,391,3870200,15,8,7,1,1,1,1,1,1,1,1,0,0,0,0,0,0,0,0,0,0
832,832,21,391,3870300,77,36,41,7,7,9,7,6,6,5,5,4,3,3,2,2,1,1,0,0,0
833,833,21,391,3870400,203,95,108,20,20,24,18,16,16,14,14,12,10,8,7,7,4,3,1,1,0
834,834,21,391,3870500,747,384,363,74,77,88,68,61,59,52,52,45,38,30,26,28,17,13,5,5,1
835,835,21,391,3870600,339,173,166,33,35,40,31,27,26,23,23,20,17,13,12,13,7,5,2,2,0
836,836,21,391,3870700,294,152,142,29,30,34,27,24,23,20,20,17,15,11,10,11,6,5,2,2,0
837,837,21,391,3870800,163,77,86,16,16,19,14,13,12,11,11,9,8,6,5,6,3,2,1,1,0
838,838,21,391,3870900,341,177,164,33,35,40,31,27,26,24,24,20,17,13,12,13,7,5,2,2,0
839,839,21,391,3871000,621,301,320,61,64,73,57,50,49,43,43,37,31,25,22,23,14,10,4,4,1
840,840,21,391,3871100,645,327,318,64,66,76,59,52,51,45,45,38,33,26,22,24,15,11,4,4,1
841,841,21,391,3871200,235,124,111,23,24,27,21,19,18,16,16,14,12,9,8,9,5,4,1,1,0
842,842,21,391,3871300,707,354,353,70,73,83,64,57,55,49,50,42,36,28,25,27,16,12,5,5,1
843,843,21,391,3871400,497,233,264,49,51,58,45,40,39,34,35,29,25,20,17,19,11,8,3,3,1
844,844,21,391,3871500,61,29,32,6,6,7,5,4,4,4,4,3,3,2,2,2,1,1,0,0,0
845,845,21,391,3871600,646,330,316,64,66,76,59,52,51,45,45,38,33,26,22,24,15,11,4,4,1
846,846,21,391,3871700,296,153,143,29,30,35,27,24,23,20,20,17,15,12,10,11,6,5,2,2,0
847,847,21,391,3871800,302,147,155,30,31,35,27,24,23,21,21,18,15,12,10,11,7,5,2,2,0
848,848,21,391,3871900,99,49,50,9,10,11,9,8,7,6,7,5,5,4,3,3,2,1,0,0,0
849,849,21,391,3872000,630,310,320,62,65,74,57,51,49,44,44,38,32,25,22,24,14,11,4,4,1
850,850,21,391,3872100,1052,534,518,104,108,124,96,86,83,74,74,63,54,42,37,40,24,18,7,7,2
851,851,21,391,3872200,384,254,130,38,39,45,35,31,30,27,27,23,19,15,13,14,8,6,2,2,0
852,852,21,391,3872300,50,23,27,4,5,5,4,4,3,3,3,3,2,2,1,1,1,0,0,0,0
853,853,21,391,3872400,206,105,101,20,21,24,18,16,16,14,14,12,10,8,7,7,4,3,1,1,0
854,854,21,391,3872500,153,73,80,15,15,18,14,12,12,10,10,9,7,6,5,5,3,2,1,1,0
855,855,21,391,3872600,67,31,36,6,6,7,6,5,5,4,4,4,3,2,2,2,1,1,0,0,0
856,856,21,391,3872700,82,40,42,8,8,9,7,6,6,5,5,4,4,3,2,3,1,1,0,0,0
857,857,21,391,3872800,153,70,83,15,15,18,14,12,12,10,10,9,7,6,5,5,3,2,1,1,0
858,858,21,391,3872900,326,171,155,32,33,38,29,26,25,22,23,19,16,13,11,12,7,5,2,2,0
859,859,21,391,3873000,66,30,36,6,6,7,6,5,5,4,4,3,3,2,2,2,1,1,0,0,0
860,860,21,391,3873100,198,98,100,19,20,23,18,16,15,13,14,11,10,8,7,7,4,3,1,1,0
861,861,21,391,3873200,128,68,60,12,13,15,11,10,10,9,9,7,6,5,4,4,2,2,0,0,0
862,862,21,391,3873300,245,122,123,24,25,29,22,20,19,17,17,14,12,9,8,9,5,4,1,1,0
863,863,21,391,3873400,12,7,5,1,1,1,1,0,0,0,0,0,0,0,0,0,0,0,0,0,0
864,864,21,391,3873500,14,9,5,1,1,1,1,1,1,0,0,0,0,0,0,0,0,0,0,0,0
865,865,21,391,3873600,263,137,126,26,27,31,24,21,20,18,18,15,13,10,9,10,6,4,1,1,0
866,866,21,391,3873700,202,108,94,20,20,23,18,16,15,14,14,12,10,8,7,7,4,3,1,1,0
867,867,21,391,3873800,47,24,23,4,4,5,4,3,3,3,3,2,2,1,1,1,1,0,0,0,0
868,868,21,391,3873900,153,76,77,15,15,18,14,12,12,10,10,9,7,6,5,5,3,2,1,1,0
869,869,21,391,3874000,131,72,59,13,13,15,12,10,10,9,9,7,6,5,4,5,3,2,0,0,0
870,870,21,391,3874100,165,82,83,16,17,19,15,13,13,11,11,9,8,6,5,6,3,2,1,1,0
871,871,21,391,3874200,96,44,52,9,9,11,8,7,7,6,6,5,4,3,3,3,2,1,0,0,0
872,872,21,391,3874300,46,22,24,4,4,5,4,3,3,3,3,2,2,1,1,1,1,0,0,0,0
873,873,21,391,3874400,307,142,165,30,31,36,28,25,24,21,21,18,15,12,10,11,7,5,2,2,0
874,874,21,391,3874500,0,0,0,0,0,0,0,0,0,0,0,0,0,0,0,0,0,0,0,0,0
875,875,21,391,3874600,79,40,39,7,8,9,7,6,6,5,5,4,4,3,2,3,1,1,0,0,0
876,876,21,391,3874700,0,0,0,0,0,0,0,0,0,0,0,0,0,0,0,0,0,0,0,0,0
877,877,21,391,3874800,2,1,1,0,0,0,0,0,0,0,0,0,0,0,0,0,0,0,0,0,0
878,878,21,391,3874900,145,64,81,14,14,17,13,11,11,10,10,8,7,5,5,5,3,2,1,1,0
879,879,21,391,3875000,133,60,73,13,13,15,12,10,10,9,9,8,6,5,4,5,3,2,0,0,0
880,880,21,391,3875100,102,54,48,10,10,12,9,8,8,7,7,6,5,4,3,3,2,1,0,0,0
881,881,21,391,3875200,107,56,51,10,11,12,9,8,8,7,7,6,5,4,3,4,2,1,0,0,0
882,882,21,391,3875300,287,152,135,28,29,34,26,23,22,20,20,17,14,11,10,11,6,5,2,2,0
883,883,21,391,3875400,489,252,237,48,50,57,44,40,38,34,34,29,25,19,17,18,11,8,3,3,1
884,884,21,391,3875500,397,198,199,39,41,47,36,32,31,27,28,23,20,16,14,15,9,6,2,2,0
885,885,21,391,3875600,85,46,39,8,8,10,7,6,6,5,6,5,4,3,3,3,1,1,0,0,0
886,886,21,391,3875700,119,59,60,11,12,14,10,9,9,8,8,7,6,4,4,4,2,2,0,0,0
887,887,21,391,3875800,145,74,71,14,14,17,13,11,11,10,10,8,7,5,5,5,3,2,1,1,0
888,888,21,391,3875900,500,255,245,49,51,59,45,40,39,35,35,30,25,20,17,19,11,8,3,3,1
889,889,21,391,3876000,63,30,33,6,6,7,5,5,4,4,4,3,3,2,2,2,1,1,0,0,0
890,890,21,391,3876100,600,289,311,59,62,71,55,49,47,42,42,36,30,24,21,23,14,10,4,4,1
891,891,21,391,3876200,157,75,82,15,16,18,14,12,12,11,11,9,8,6,5,6,3,2,1,1,0
892,892,21,391,3876300,118,59,59,11,12,13,10,9,9,8,8,7,6,4,4,4,2,2,0,0,0
893,893,21,391,3876400,154,79,75,15,15,18,14,12,12,10,10,9,7,6,5,5,3,2,1,1,0
894,894,21,391,3876500,259,134,125,25,26,30,23,21,20,18,18,15,13,10,9,9,6,4,1,1,0
895,895,21,391,3876600,333,159,174,33,34,39,30,27,26,23,23,20,17,13,11,12,7,5,2,2,0
896,896,21,391,3876700,199,103,96,19,20,23,18,16,15,14,14,12,10,8,7,7,4,3,1,1,0
897,897,21,391,3876800,57,31,26,5,5,6,5,4,4,4,4,3,2,2,2,2,1,0,0,0,0
898,898,21,391,3876900,536,254,282,53,55,63,49,43,42,37,37,32,27,21,19,20,12,9,3,3,1
899,899,21,391,3877000,67,35,32,6,6,7,6,5,5,4,4,4,3,2,2,2,1,1,0,0,0
900,900,21,391,3877100,111,50,61,11,11,13,10,9,8,7,7,6,5,4,3,4,2,1,0,0,0
901,901,21,391,3877200,35,17,18,3,3,4,3,2,2,2,2,2,1,1,1,1,0,0,0,0,0
902,902,21,391,3877300,82,40,42,8,8,9,7,6,6,5,5,4,4,3,2,3,1,1,0,0,0
903,903,21,391,3877400,147,64,83,14,15,17,13,12,11,10,10,8,7,5,5,5,3,2,1,1,0
904,904,21,391,3877500,31,12,19,3,3,3,2,2,2,2,2,1,1,1,1,1,0,0,0,0,0
905,905,21,391,3877600,23,10,13,2,2,2,2,1,1,1,1,1,1,0,0,0,0,0,0,0,0
906,906,21,391,3877700,46,24,22,4,4,5,4,3,3,3,3,2,2,1,1,1,1,0,0,0,0
907,907,21,391,3877800,21,10,11,2,2,2,1,1,1,1,1,1,1,0,0,0,0,0,0,0,0
908,908,21,391,3877900,46,23,23,4,4,5,4,3,3,3,3,2,2,1,1,1,1,0,0,0,0
909,909,21,391,3878000,0,0,0,0,0,0,0,0,0,0,0,0,0,0,0,0,0,0,0,0,0
910,910,21,391,3878100,44,22,22,4,4,5,4,3,3,3,3,2,2,1,1,1,1,0,0,0,0
911,911,21,391,3878200,107,55,52,10,11,12,9,8,8,7,7,6,5,4,3,4,2,1,0,0,0
912,912,21,391,3878300,66,28,38,6,6,7,6,5,5,4,4,3,3,2,2,2,1,1,0,0,0
913,913,21,391,3878400,47,25,22,4,4,5,4,3,3,3,3,2,2,1,1,1,1,0,0,0,0
914,914,21,391,3878500,9,3,6,0,0,1,0,0,0,0,0,0,0,0,0,0,0,0,0,0,0
915,915,21,391,3878600,17,7,10,1,1,2,1,1,1,1,1,1,0,0,0,0,0,0,0,0,0
916,916,21,391,3878700,37,21,16,3,3,4,3,3,2,2,2,2,1,1,1,1,0,0,0,0,0
917,917,21,391,3878800,86,50,36,8,8,10,7,7,6,6,6,5,4,3,3,3,2,1,0,0,0
918,918,21,391,3878900,25,15,10,2,2,2,2,2,1,1,1,1,1,1,0,0,0,0,0,0,0
919,919,21,391,3879000,0,0,0,0,0,0,0,0,0,0,0,0,0,0,0,0,0,0,0,0,0
920,920,21,391,3879100,0,0,0,0,0,0,0,0,0,0,0,0,0,0,0,0,0,0,0,0,0
921,921,21,391,3879200,738,341,397,73,76,87,67,60,58,51,52,44,37,30,26,28,17,12,5,5,1
922,922,21,391,3879300,282,153,129,28,29,33,25,23,22,19,19,17,14,11,10,10,6,4,1,2,0
923,923,21,391,3879400,125,60,65,12,12,14,11,10,9,8,8,7,6,5,4,4,2,2,0,0,0
924,924,21,391,3879500,139,74,65,13,14,16,12,11,10,9,9,8,7,5,4,5,3,2,0,1,0
925,925,21,391,3879600,607,303,304,60,62,71,55,49,48,42,42,36,31,24,21,23,14,10,4,4,1
926,926,21,391,3879700,777,388,389,77,80,92,71,63,61,54,54,46,39,31,27,29,18,13,5,5,1
927,927,21,391,3879800,179,90,89,17,18,21,16,14,14,12,12,10,9,7,6,6,4,3,1,1,0
928,928,21,391,3879900,420,200,220,41,43,49,38,34,33,29,29,25,21,17,14,16,9,7,2,3,1
929,929,21,391,3880000,209,113,96,20,21,24,19,17,16,14,14,12,10,8,7,8,4,3,1,1,0
930,930,21,391,3880100,205,100,105,20,21,24,18,16,16,14,14,12,10,8,7,7,4,3,1,1,0
931,931,21,391,3880200,500,263,237,49,51,59,45,40,39,35,35,30,25,20,17,19,11,8,3,3,1
932,932,21,391,3880300,291,155,136,28,30,34,26,23,23,20,20,17,14,11,10,11,6,5,2,2,0
933,933,21,391,3880400,153,74,79,15,15,18,14,12,12,10,10,9,7,6,5,5,3,2,1,1,0
934,934,21,391,3880500,659,330,329,65,68,78,60,53,52,46,46,39,33,26,23,25,15,11,4,4,1
935,935,21,391,3880600,986,508,478,98,101,116,90,80,77,69,69,59,50,40,34,37,23,17,6,7,2
936,936,21,391,3880700,438,220,218,43,45,51,40,35,34,30,31,26,22,17,15,16,10,7,3,3,1
937,937,21,391,3880800,1606,779,827,159,166,190,147,131,127,113,113,96,82,65,56,61,37,28,11,11,3
938,938,21,391,3880900,245,118,127,24,25,29,22,20,19,17,17,14,12,9,8,9,5,4,1,1,0
939,939,21,391,3881000,698,352,346,69,72,82,64,57,55,49,49,42,35,28,24,26,16,12,4,5,1
940,940,21,391,3881100,181,87,94,18,18,21,16,14,14,12,12,10,9,7,6,6,4,3,1,1,0
941,941,21,391,3881200,424,203,221,42,43,50,38,34,33,29,30,25,21,17,15,16,9,7,3,3,1
942,942,21,391,3881300,503,249,254,50,52,59,46,41,39,35,35,30,25,20,17,19,11,8,3,3,1
943,943,21,391,3881400,1251,567,684,124,129,148,114,102,98,88,88,75,64,51,44,48,29,21,8,9,3
944,944,21,391,3881500,116,62,54,11,11,13,10,9,9,8,8,6,5,4,4,4,2,2,0,0,0
945,945,21,391,3881600,530,267,263,52,54,62,48,43,41,37,37,31,27,21,18,20,12,9,3,3,1
946,946,21,391,3881700,2425,1272,1153,241,250,287,222,198,191,170,171,146,124,98,86,93,56,42,17,18,5
947,947,21,391,3881800,334,157,177,33,34,39,30,27,26,23,23,20,17,13,11,12,7,5,2,2,0
948,948,21,391,3881900,301,155,146,29,31,35,27,24,23,21,21,18,15,12,10,11,7,5,2,2,0
949,949,21,391,3882000,281,140,141,27,29,33,25,23,22,19,19,16,14,11,9,10,6,4,1,2,0
950,950,21,391,3882100,192,107,85,19,19,22,17,15,15,13,13,11,9,7,6,7,4,3,1,1,0
951,951,21,391,3882200,397,198,199,39,41,47,36,32,31,27,28,23,20,16,14,15,9,6,2,2,0
952,952,21,391,3882300,389,193,196,38,40,46,35,31,30,27,27,23,19,15,13,14,9,6,2,2,0
953,953,21,391,3882400,151,80,71,15,15,17,13,12,11,10,10,9,7,6,5,5,3,2,1,1,0
954,954,21,391,3882500,667,342,325,66,68,79,61,54,52,46,47,40,34,27,23,25,15,11,4,4,1
955,955,21,391,3882600,610,306,304,60,63,72,56,49,48,42,43,36,31,24,21,23,14,10,4,4,1
956,956,21,391,3882700,349,181,168,34,36,41,32,28,27,24,24,21,17,14,12,13,8,6,2,2,0
957,957,21,391,3882800,243,118,125,24,25,28,22,19,19,17,17,14,12,9,8,9,5,4,1,1,0
958,958,21,391,3882900,529,270,259,52,54,62,48,43,41,37,37,31,27,21,18,20,12,9,3,3,1
959,959,21,391,3883000,379,198,181,37,39,44,34,31,29,26,26,22,19,15,13,14,8,6,2,2,0
960,960,21,391,3883100,445,223,222,44,46,52,40,36,35,31,31,26,22,18,15,17,10,7,3,3,1
961,961,21,391,3883200,215,114,101,21,22,25,19,17,17,15,15,12,11,8,7,8,5,3,1,1,0
962,962,21,391,3883300,638,327,311,63,65,75,58,52,50,44,45,38,32,26,22,24,14,11,4,4,1
963,963,21,391,3883400,243,119,124,24,25,28,22,19,19,17,17,14,12,9,8,9,5,4,1,1,0
964,964,21,391,3883500,264,140,124,26,27,31,24,21,20,18,18,15,13,10,9,10,6,4,1,1,0
965,965,21,391,3883600,419,209,210,41,43,49,38,34,33,29,29,25,21,17,14,16,9,7,2,3,1
966,966,21,391,3883700,98,49,49,9,10,11,9,8,7,6,6,5,5,3,3,3,2,1,0,0,0
967,967,21,391,3883800,435,217,218,43,44,51,39,35,34,30,30,26,22,17,15,16,10,7,3,3,1
968,968,21,391,3883900,99,53,46,9,10,11,9,8,7,6,7,5,5,4,3,3,2,1,0,0,0
969,969,21,391,3884000,776,397,379,77,80,92,71,63,61,54,54,46,39,31,27,29,18,13,5,5,1
970,970,21,391,3884100,360,199,161,35,37,42,33,29,28,25,25,21,18,14,12,13,8,6,2,2,0
971,971,21,391,3884200,725,386,339,72,74,85,66,59,57,51,51,43,37,29,25,27,16,12,5,5,1
972,972,21,391,3884300,504,235,269,50,52,59,46,41,39,35,35,30,25,20,17,19,11,8,3,3,1
973,973,21,391,3884400,199,95,104,19,20,23,18,16,15,14,14,12,10,8,7,7,4,3,1,1,0
974,974,21,391,3884500,269,138,131,26,27,31,24,22,21,18,19,16,13,10,9,10,6,4,1,2,0
975,975,21,391,3884600,31,12,19,3,3,3,2,2,2,2,2,1,1,1,1,1,0,0,0,0,0
976,976,21,391,3884700,353,179,174,35,36,41,32,28,27,24,24,21,18,14,12,13,8,6,2,2,0
977,977,21,391,3884800,107,56,51,10,11,12,9,8,8,7,7,6,5,4,3,4,2,1,0,0,0
978,978,21,391,3884900,137,67,70,13,14,16,12,11,10,9,9,8,7,5,4,5,3,2,0,1,0
979,979,21,391,3885000,1501,738,763,149,155,178,137,122,118,105,106,90,77,61,53,57,35,26,10,11,3
980,980,21,391,3885100,200,98,102,19,20,23,18,16,15,14,14,12,10,8,7,7,4,3,1,1,0
981,981,21,391,3885200,172,86,86,17,17,20,15,14,13,12,12,10,8,7,6,6,4,3,1,1,0
982,982,21,391,3885300,81,41,40,8,8,9,7,6,6,5,5,4,4,3,2,3,1,1,0,0,0
983,983,21,391,3885400,119,62,57,11,12,14,10,9,9,8,8,7,6,4,4,4,2,2,0,0,0
984,984,21,391,3885500,122,56,66,12,12,14,11,9,9,8,8,7,6,4,4,4,2,2,0,0,0
985,985,21,391,3885600,1172,623,549,116,121,138,107,96,92,82,82,70,60,47,41,44,27,20,8,8,2
986,986,21,391,3885700,238,115,123,23,24,28,21,19,18,16,16,14,12,9,8,9,5,4,1,1,0
987,987,21,391,3885800,119,51,68,11,12,14,10,9,9,8,8,7,6,4,4,4,2,2,0,0,0
988,988,21,391,3885900,66,31,35,6,6,7,6,5,5,4,4,3,3,2,2,2,1,1,0,0,0
989,989,21,391,3886000,50,25,25,4,5,5,4,4,3,3,3,3,2,2,1,1,1,0,0,0,0
990,990,21,391,3886100,471,241,230,46,48,55,43,38,37,33,33,28,24,19,16,18,11,8,3,3,1
991,991,21,391,3886200,81,42,39,8,8,9,7,6,6,5,5,4,4,3,2,3,1,1,0,0,0
992,992,21,391,3886300,56,27,29,5,5,6,5,4,4,3,3,3,2,2,1,2,1,0,0,0,0
993,993,21,391,3886400,369,178,191,36,38,43,33,30,29,25,26,22,18,15,13,14,8,6,2,2,0
994,994,21,391,3886500,54,31,23,5,5,6,4,4,4,3,3,3,2,2,1,2,1,0,0,0,0
995,995,21,391,3886600,196,94,102,19,20,23,18,16,15,13,13,11,10,7,6,7,4,3,1,1,0
996,996,21,391,3886700,105,48,57,10,10,12,9,8,8,7,7,6,5,4,3,4,2,1,0,0,0
997,997,21,391,3886800,50,29,21,4,5,5,4,4,3,3,3,3,2,2,1,1,1,0,0,0,0
998,998,21,391,3886900,42,21,21,4,4,4,3,3,3,2,2,2,2,1,1,1,0,0,0,0,0
999,999,21,391,3887000,64,28,36,6,6,7,5,5,5,4,4,3,3,2,2,2,1,1,0,0,0
1000,1000,21,391,3887100,46,21,25,4,4,5,4,3,3,3,3,2,2,1,1,1,1,0,0,0,0
1001,1001,21,391,3887200,271,128,143,26,28,32,24,22,21,19,19,16,13,11,9,10,6,4,1,2,0
1002,1002,21,391,3887300,313,139,174,31,32,37,28,25,24,22,22,18,16,12,11,12,7,5,2,2,0
1003,1003,21,391,3887400,1247,646,601,124,128,147,114,102,98,87,88,75,64,50,44,47,29,21,8,9,3
1004,1004,21,391,3887500,112,56,56,11,11,13,10,9,8,7,7,6,5,4,3,4,2,1,0,0,0
1005,1005,21,391,3887600,372,178,194,37,38,44,34,30,29,26,26,22,19,15,13,14,8,6,2,2,0
1006,1006,21,391,3887700,225,106,119,22,23,26,20,18,17,15,15,13,11,9,7,8,5,3,1,1,0
1007,1007,21,391,3887800,75,33,42,7,7,8,6,6,5,5,5,4,3,3,2,2,1,1,0,0,0
1008,1008,21,391,3887900,18,8,10,1,1,2,1,1,1,1,1,1,0,0,0,0,0,0,0,0,0
1009,1009,21,391,3888000,303,146,157,30,31,35,27,24,23,21,21,18,15,12,10,11,7,5,2,2,0
1010,1010,21,391,3888100,233,119,114,23,24,27,21,19,18,16,16,14,11,9,8,8,5,4,1,1,0
1011,1011,21,391,3888200,375,177,198,37,38,44,34,30,29,26,26,22,19,15,13,14,8,6,2,2,0
1012,1012,21,391,3888300,0,0,0,0,0,0,0,0,0,0,0,0,0,0,0,0,0,0,0,0,0
1013,1013,21,391,3888400,0,0,0,0,0,0,0,0,0,0,0,0,0,0,0,0,0,0,0,0,0
1014,1014,21,391,3888500,532,270,262,52,55,63,48,43,42,37,37,32,27,21,18,20,12,9,3,3,1
1015,1015,21,391,3888600,129,69,60,12,13,15,11,10,10,9,9,7,6,5,4,4,3,2,0,0,0
1016,1016,21,391,3888700,66,33,33,6,6,7,6,5,5,4,4,3,3,2,2,2,1,1,0,0,0
1017,1017,21,391,3888800,8,3,5,0,0,0,0,0,0,0,0,0,0,0,0,0,0,0,0,0,0
1018,1018,21,391,3888900,4,3,1,0,0,0,0,0,0,0,0,0,0,0,0,0,0,0,0,0,0
1019,1019,21,391,3889000,0,0,0,0,0,0,0,0,0,0,0,0,0,0,0,0,0,0,0,0,0
1020,1020,21,391,3889100,30,14,16,2,3,3,2,2,2,2,2,1,1,1,1,1,0,0,0,0,0
1021,1021,21,391,3889200,12,7,5,1,1,1,1,0,0,0,0,0,0,0,0,0,0,0,0,0,0
1022,1022,21,391,3889300,21,9,12,2,2,2,1,1,1,1,1,1,1,0,0,0,0,0,0,0,0
1023,1023,21,391,3889400,57,27,30,5,5,6,5,4,4,4,4,3,2,2,2,2,1,0,0,0,0
1024,1024,21,391,3889500,121,51,70,12,12,14,11,9,9,8,8,7,6,4,4,4,2,2,0,0,0
1025,1025,21,391,3889600,23,10,13,2,2,2,2,1,1,1,1,1,1,0,0,0,0,0,0,0,0
1026,1026,21,391,3889700,360,179,181,35,37,42,33,29,28,25,25,21,18,14,12,13,8,6,2,2,0
1027,1027,21,391,3889800,30,11,19,2,3,3,2,2,2,2,2,1,1,1,1,1,0,0,0,0,0
1028,1028,21,391,3889900,336,160,176,33,34,39,30,27,26,23,23,20,17,13,11,12,7,5,2,2,0
1029,1029,21,391,3890000,482,241,241,48,49,57,44,39,38,33,34,29,24,19,17,18,11,8,3,3,1
1030,1030,21,391,3890100,0,0,0,0,0,0,0,0,0,0,0,0,0,0,0,0,0,0,0,0,0
1031,1031,21,391,3890200,290,140,150,28,29,34,26,23,22,20,20,17,14,11,10,11,6,5,2,2,0
1032,1032,21,391,3890300,127,57,70,12,13,15,11,10,10,8,8,7,6,5,4,4,2,2,0,0,0
1033,1033,21,391,3890400,314,171,143,31,32,37,28,25,24,22,22,18,16,12,11,12,7,5,2,2,0
1034,1034,21,391,3890500,9,3,6,0,0,1,0,0,0,0,0,0,0,0,0,0,0,0,0,0,0
1035,1035,21,391,3890600,0,0,0,0,0,0,0,0,0,0,0,0,0,0,0,0,0,0,0,0,0
1036,1036,21,391,3890700,0,0,0,0,0,0,0,0,0,0,0,0,0,0,0,0,0,0,0,0,0
1037,1037,21,391,3890800,0,0,0,0,0,0,0,0,0,0,0,0,0,0,0,0,0,0,0,0,0
1038,1038,21,391,3890900,16,11,5,1,1,1,1,1,1,1,1,0,0,0,0,0,0,0,0,0,0
1039,1039,21,391,3891000,226,118,108,22,23,26,20,18,17,15,15,13,11,9,8,8,5,3,1,1,0
1040,1040,21,391,3891100,512,254,258,50,52,60,47,41,40,36,36,30,26,20,18,19,11,8,3,3,1
1041,1041,21,391,3891200,584,311,273,58,60,69,53,47,46,41,41,35,30,23,20,22,13,10,4,4,1
1042,1042,21,391,3891300,210,111,99,20,21,24,19,17,16,14,14,12,10,8,7,8,4,3,1,1,0
1043,1043,21,391,3891400,308,158,150,30,31,36,28,25,24,21,21,18,15,12,10,11,7,5,2,2,0
1044,1044,21,391,3891500,477,226,251,47,49,56,43,39,37,33,33,28,24,19,16,18,11,8,3,3,1
1045,1045,21,391,3891600,1209,641,568,120,125,143,111,99,95,85,85,72,62,49,42,46,28,21,8,8,2
1046,1046,21,391,3891700,626,322,304,62,64,74,57,51,49,44,44,37,32,25,22,24,14,10,4,4,1
1047,1047,21,391,3891800,142,70,72,14,14,16,13,11,11,9,10,8,7,5,5,5,3,2,1,1,0
1048,1048,21,391,3891900,158,88,70,15,16,18,14,12,12,11,11,9,8,6,5,6,3,2,1,1,0
1049,1049,21,391,3892000,332,167,165,33,34,39,30,27,26,23,23,20,17,13,11,12,7,5,2,2,0
1050,1050,21,391,3892100,1042,537,505,103,107,123,95,85,82,73,73,62,53,42,36,39,24,18,7,7,2
1051,1051,21,391,3892200,56,33,23,5,5,6,5,4,4,3,3,3,2,2,1,2,1,0,0,0,0
1052,1052,21,391,3892300,604,302,302,60,62,71,55,49,47,42,42,36,31,24,21,23,14,10,4,4,1
1053,1053,21,391,3892400,236,118,118,23,24,27,21,19,18,16,16,14,12,9,8,9,5,4,1,1,0
1054,1054,21,391,3892500,15,8,7,1,1,1,1,1,1,1,1,0,0,0,0,0,0,0,0,0,0
1055,1055,21,391,3892600,342,176,166,34,35,40,31,28,27,24,24,20,17,13,12,13,8,5,2,2,0
1056,1056,21,391,3892700,304,160,144,30,31,36,27,24,24,21,21,18,15,12,10,11,7,5,2,2,0
1057,1057,21,391,3892800,420,213,207,41,43,49,38,34,33,29,29,25,21,17,14,16,9,7,2,3,1
1058,1058,21,391,3892900,109,48,61,10,11,12,10,8,8,7,7,6,5,4,3,4,2,1,0,0,0
1059,1059,21,391,3893000,116,55,61,11,11,13,10,9,9,8,8,6,5,4,4,4,2,2,0,0,0
1060,1060,21,391,3893100,617,309,308,61,63,73,56,50,48,43,43,37,31,25,21,23,14,10,4,4,1
1061,1061,21,391,3893200,1234,597,637,122,127,146,113,101,97,86,87,74,63,50,43,47,28,21,8,9,3
1062,1062,21,391,3893300,1019,516,503,101,105,120,93,83,80,71,72,61,52,41,36,39,23,17,7,7,2
1063,1063,21,391,3893400,510,244,266,50,52,60,46,41,40,35,36,30,26,20,18,19,11,8,3,3,1
1064,1064,21,391,3893500,140,68,72,13,14,16,12,11,11,9,9,8,7,5,4,5,3,2,0,1,0
1065,1065,21,391,3893600,271,140,131,26,28,32,24,22,21,19,19,16,13,11,9,10,6,4,1,2,0
1066,1066,21,391,3893700,202,95,107,20,20,23,18,16,15,14,14,12,10,8,7,7,4,3,1,1,0
1067,1067,21,391,3893800,366,172,194,36,37,43,33,29,28,25,25,22,18,14,12,14,8,6,2,2,0
1068,1068,21,391,3893900,333,177,156,33,34,39,30,27,26,23,23,20,17,13,11,12,7,5,2,2,0
1069,1069,21,391,3894000,101,48,53,10,10,11,9,8,7,7,7,6,5,4,3,3,2,1,0,0,0
1070,1070,21,391,3894100,392,197,195,39,40,46,36,32,31,27,27,23,20,15,13,15,9,6,2,2,0
1071,1071,21,391,3894200,424,232,192,42,43,50,38,34,33,29,30,25,21,17,15,16,9,7,3,3,1
1072,1072,21,391,3894300,474,246,228,47,49,56,43,38,37,33,33,28,24,19,16,18,11,8,3,3,1
1073,1073,21,391,3894400,1361,666,695,135,140,161,125,111,107,95,96,82,69,55,48,52,31,23,9,10,3
1074,1074,21,391,3894500,160,86,74,15,16,18,14,13,12,11,11,9,8,6,5,6,3,2,1,1,0
1075,1075,21,391,3894600,408,198,210,40,42,48,37,33,32,28,28,24,20,16,14,15,9,7,2,3,0
1076,1076,21,391,3894700,95,46,49,9,9,11,8,7,7,6,6,5,4,3,3,3,2,1,0,0,0
1077,1077,21,391,3894800,224,118,106,22,23,26,20,18,17,15,15,13,11,9,7,8,5,3,1,1,0
1078,1078,21,391,3894900,47,20,27,4,4,5,4,3,3,3,3,2,2,1,1,1,1,0,0,0,0
1079,1079,21,391,3895000,50,22,28,4,5,5,4,4,3,3,3,3,2,2,1,1,1,0,0,0,0
1080,1080,21,391,3895100,877,438,439,87,90,104,80,71,69,61,62,52,45,35,31,33,20,15,6,6,2
1081,1081,21,391,3895200,856,422,434,85,88,101,78,70,67,60,60,51,43,34,30,32,20,15,6,6,2
1082,1082,21,391,3895300,120,62,58,11,12,14,11,9,9,8,8,7,6,4,4,4,2,2,0,0,0
1083,1083,21,391,3895400,177,88,89,17,18,20,16,14,14,12,12,10,9,7,6,6,4,3,1,1,0
1084,1084,21,391,3895500,464,232,232,46,47,55,42,38,36,32,32,27,23,18,16,17,10,8,3,3,1
1085,1085,21,391,3895600,0,0,0,0,0,0,0,0,0,0,0,0,0,0,0,0,0,0,0,0,0
1086,1086,21,391,3895700,63,34,29,6,6,7,5,5,4,4,4,3,3,2,2,2,1,1,0,0,0
1087,1087,21,391,3895800,68,34,34,6,7,8,6,5,5,4,4,4,3,2,2,2,1,1,0,0,0
1088,1088,21,391,3895900,505,254,251,50,52,59,46,41,39,35,35,30,25,20,17,19,11,8,3,3,1
1089,1089,21,391,3896000,61,31,30,6,6,7,5,4,4,4,4,3,3,2,2,2,1,1,0,0,0
1090,1090,21,391,3896100,115,56,59,11,11,13,10,9,9,8,8,6,5,4,4,4,2,2,0,0,0
1091,1091,21,391,3896200,152,68,84,15,15,18,13,12,12,10,10,9,7,6,5,5,3,2,1,1,0
1092,1092,21,391,3896300,99,50,49,9,10,11,9,8,7,6,7,5,5,4,3,3,2,1,0,0,0
1093,1093,21,391,3896400,126,60,66,12,13,14,11,10,9,8,8,7,6,5,4,4,2,2,0,0,0
1094,1094,21,391,3896500,939,505,434,93,97,111,86,76,74,66,66,56,48,38,33,36,21,16,6,6,2
1095,1095,21,391,3896600,68,29,39,6,7,8,6,5,5,4,4,4,3,2,2,2,1,1,0,0,0
1096,1096,21,391,3896700,471,237,234,46,48,55,43,38,37,33,33,28,24,19,16,18,11,8,3,3,1
1097,1097,21,391,3896800,840,440,400,83,86,99,77,68,66,59,59,50,43,34,29,32,19,14,5,6,2
1098,1098,21,391,3896900,2481,1284,1197,247,256,294,227,203,196,174,175,149,127,101,88,95,58,43,17,18,6
1099,1099,21,391,3897000,206,109,97,20,21,24,18,16,16,14,14,12,10,8,7,7,4,3,1,1,0
1100,1100,21,391,3897100,49,23,26,4,5,5,4,4,3,3,3,2,2,1,1,1,1,0,0,0,0
1101,1101,21,391,3897200,736,389,347,73,76,87,67,60,58,51,52,44,37,30,26,28,17,12,5,5,1
1102,1102,21,391,3897300,81,44,37,8,8,9,7,6,6,5,5,4,4,3,2,3,1,1,0,0,0
1103,1103,21,391,3897400,505,262,243,50,52,59,46,41,39,35,35,30,25,20,17,19,11,8,3,3,1
1104,1104,21,391,3897500,335,171,164,33,34,39,30,27,26,23,23,20,17,13,11,12,7,5,2,2,0
1105,1105,21,391,3897600,589,308,281,58,60,69,54,48,46,41,41,35,30,24,20,22,13,10,4,4,1
1106,1106,21,391,3897700,0,0,0,0,0,0,0,0,0,0,0,0,0,0,0,0,0,0,0,0,0
1107,1107,21,391,3897800,387,211,176,38,40,45,35,31,30,27,27,23,19,15,13,14,9,6,2,2,0
1108,1108,21,391,3897900,1423,720,703,141,147,168,130,116,112,100,100,85,73,58,50,54,33,24,10,10,3
1109,1109,21,391,3898000,256,138,118,25,26,30,23,20,20,18,18,15,13,10,9,9,5,4,1,1,0
1110,1110,21,391,3898100,1421,734,687,141,146,168,130,116,112,100,100,85,73,57,50,54,33,24,10,10,3
1111,1111,21,391,3898200,332,168,164,33,34,39,30,27,26,23,23,20,17,13,11,12,7,5,2,2,0
1112,1112,21,391,3898300,0,0,0,0,0,0,0,0,0,0,0,0,0,0,0,0,0,0,0,0,0
1113,1113,21,391,3898400,12,3,9,1,1,1,1,0,0,0,0,0,0,0,0,0,0,0,0,0,0
1114,1114,21,391,3898500,67,40,27,6,6,7,6,5,5,4,4,4,3,2,2,2,1,1,0,0,0
1115,1115,21,391,3898600,35,18,17,3,3,4,3,2,2,2,2,2,1,1,1,1,0,0,0,0,0
1116,1116,21,391,3898700,329,170,159,32,34,39,30,26,26,23,23,19,16,13,11,12,7,5,2,2,0
1117,1117,21,391,3898800,243,122,121,24,25,28,22,19,19,17,17,14,12,9,8,9,5,4,1,1,0
1118,1118,21,391,3898900,290,144,146,28,29,34,26,23,22,20,20,17,14,11,10,11,6,5,2,2,0
1119,1119,21,391,3899000,532,252,280,52,55,63,48,43,42,37,37,32,27,21,18,20,12,9,3,3,1
1120,1120,21,391,3899100,89,34,55,8,9,10,8,7,7,6,6,5,4,3,3,3,2,1,0,0,0
1121,1121,21,391,3899200,92,49,43,9,9,10,8,7,7,6,6,5,4,3,3,3,2,1,0,0,0
1122,1122,21,391,3899300,16,7,9,1,1,1,1,1,1,1,1,0,0,0,0,0,0,0,0,0,0
1123,1123,21,391,3899400,155,81,74,15,16,18,14,12,12,10,10,9,7,6,5,5,3,2,1,1,0
1124,1124,21,391,3899500,170,82,88,16,17,20,15,13,13,11,12,10,8,6,6,6,3,2,1,1,0
1125,1125,21,391,3899600,131,67,64,13,13,15,12,10,10,9,9,7,6,5,4,5,3,2,0,0,0
1126,1126,21,391,3899700,295,152,143,29,30,34,27,24,23,20,20,17,15,12,10,11,6,5,2,2,0
1127,1127,21,391,3899800,459,238,221,45,47,54,42,37,36,32,32,27,23,18,16,17,10,8,3,3,1
1128,1128,21,391,3899900,230,124,106,22,23,27,21,18,18,16,16,13,11,9,8,8,5,4,1,1,0
1129,1129,21,391,3900000,28,16,12,2,2,3,2,2,2,1,1,1,1,1,0,1,0,0,0,0,0
1130,1130,21,391,3900100,394,190,204,39,40,46,36,32,31,27,27,23,20,16,13,15,9,6,2,2,0
1131,1131,21,391,3900200,929,457,472,92,96,110,85,76,73,65,65,56,47,37,32,35,21,16,6,6,2
1132,1132,21,391,3900300,88,42,46,8,9,10,8,7,6,6,6,5,4,3,3,3,2,1,0,0,0
1133,1133,21,391,3900400,21,12,9,2,2,2,1,1,1,1,1,1,1,0,0,0,0,0,0,0,0
1134,1134,21,391,3900500,310,167,143,30,32,36,28,25,24,21,21,18,15,12,11,11,7,5,2,2,0
1135,1135,21,391,3900600,245,121,124,24,25,29,22,20,19,17,17,14,12,9,8,9,5,4,1,1,0
1136,1136,21,391,3900700,354,183,171,35,36,41,32,29,28,24,25,21,18,14,12,13,8,6,2,2,0
1137,1137,21,391,3900800,88,42,46,8,9,10,8,7,6,6,6,5,4,3,3,3,2,1,0,0,0
1138,1138,21,391,3900900,10,7,3,0,1,1,0,0,0,0,0,0,0,0,0,0,0,0,0,0,0
1139,1139,21,391,3901000,15,8,7,1,1,1,1,1,1,1,1,0,0,0,0,0,0,0,0,0,0
1140,1140,21,391,3901100,34,17,17,3,3,4,3,2,2,2,2,2,1,1,1,1,0,0,0,0,0
1141,1141,21,391,3901200,116,57,59,11,11,13,10,9,9,8,8,6,5,4,4,4,2,2,0,0,0
1142,1142,21,391,3901300,67,29,38,6,6,7,6,5,5,4,4,4,3,2,2,2,1,1,0,0,0
1143,1143,21,391,3901400,14,9,5,1,1,1,1,1,1,0,0,0,0,0,0,0,0,0,0,0,0
1144,1144,21,391,3901500,257,132,125,25,26,30,23,21,20,18,18,15,13,10,9,9,6,4,1,1,0
1145,1145,21,391,3901600,51,23,28,5,5,6,4,4,4,3,3,3,2,2,1,1,1,0,0,0,0
1146,1146,21,391,3901700,248,121,127,24,25,29,22,20,19,17,17,14,12,10,8,9,5,4,1,1,0
1147,1147,21,391,3901800,60,33,27,5,6,7,5,4,4,4,4,3,3,2,2,2,1,1,0,0,0
1148,1148,21,391,3901900,51,23,28,5,5,6,4,4,4,3,3,3,2,2,1,1,1,0,0,0,0
1149,1149,21,391,3902000,330,167,163,32,34,39,30,27,26,23,23,19,16,13,11,12,7,5,2,2,0
1150,1150,21,391,3902100,67,34,33,6,6,7,6,5,5,4,4,4,3,2,2,2,1,1,0,0,0
1151,1151,21,391,3902200,219,105,114,21,22,25,20,17,17,15,15,13,11,8,7,8,5,3,1,1,0
1152,1152,21,391,3902300,48,29,19,4,4,5,4,3,3,3,3,2,2,1,1,1,1,0,0,0,0
1153,1153,21,391,3902400,15,8,7,1,1,1,1,1,1,1,1,0,0,0,0,0,0,0,0,0,0
1154,1154,21,391,3902500,615,302,313,61,63,72,56,50,48,43,43,37,31,25,21,23,14,10,4,4,1
1155,1155,21,391,3902600,54,25,29,5,5,6,4,4,4,3,3,3,2,2,1,2,1,0,0,0,0
1156,1156,21,391,3902700,122,64,58,12,12,14,11,9,9,8,8,7,6,4,4,4,2,2,0,0,0
1157,1157,21,391,3902800,57,29,28,5,5,6,5,4,4,4,4,3,2,2,2,2,1,0,0,0,0
1158,1158,21,391,3902900,80,43,37,7,8,9,7,6,6,5,5,4,4,3,2,3,1,1,0,0,0
1159,1159,21,391,3903000,31,16,15,3,3,3,2,2,2,2,2,1,1,1,1,1,0,0,0,0,0
1160,1160,21,391,3903100,51,29,22,5,5,6,4,4,4,3,3,3,2,2,1,1,1,0,0,0,0
1161,1161,21,391,3903200,53,25,28,5,5,6,4,4,4,3,3,3,2,2,1,2,1,0,0,0,0
1162,1162,21,391,3903300,22,12,10,2,2,2,2,1,1,1,1,1,1,0,0,0,0,0,0,0,0
1163,1163,21,391,3903400,95,40,55,9,9,11,8,7,7,6,6,5,4,3,3,3,2,1,0,0,0
1164,1164,21,391,3903500,63,30,33,6,6,7,5,5,4,4,4,3,3,2,2,2,1,1,0,0,0
1165,1165,21,391,3903600,537,263,274,53,55,63,49,43,42,37,38,32,27,21,19,20,12,9,3,3,1
1166,1166,21,391,3903700,36,16,20,3,3,4,3,2,2,2,2,2,1,1,1,1,0,0,0,0,0
1167,1167,21,391,3903800,37,17,20,3,3,4,3,3,2,2,2,2,1,1,1,1,0,0,0,0,0
1168,1168,21,391,3903900,42,22,20,4,4,4,3,3,3,2,2,2,2,1,1,1,0,0,0,0,0
1169,1169,21,391,3904000,51,24,27,5,5,6,4,4,4,3,3,3,2,2,1,1,1,0,0,0,0
1170,1170,21,391,3904100,38,16,22,3,3,4,3,3,3,2,2,2,1,1,1,1,0,0,0,0,0
1171,1171,21,391,3904200,0,0,0,0,0,0,0,0,0,0,0,0,0,0,0,0,0,0,0,0,0
1172,1172,21,391,3904300,124,51,73,12,12,14,11,10,9,8,8,7,6,5,4,4,2,2,0,0,0
1173,1173,21,391,3904400,196,101,95,19,20,23,18,16,15,13,13,11,10,7,6,7,4,3,1,1,0
1174,1174,21,391,3904500,57,24,33,5,5,6,5,4,4,4,4,3,2,2,2,2,1,0,0,0,0
1175,1175,21,391,3904600,0,0,0,0,0,0,0,0,0,0,0,0,0,0,0,0,0,0,0,0,0
1176,1176,21,391,3904700,180,83,97,17,18,21,16,14,14,12,12,10,9,7,6,6,4,3,1,1,0
1177,1177,21,391,3904800,31,20,11,3,3,3,2,2,2,2,2,1,1,1,1,1,0,0,0,0,0
1178,1178,21,391,3904900,0,0,0,0,0,0,0,0,0,0,0,0,0,0,0,0,0,0,0,0,0
1179,1179,21,391,3905000,57,25,32,5,5,6,5,4,4,4,4,3,2,2,2,2,1,0,0,0,0
1180,1180,21,391,3905100,0,0,0,0,0,0,0,0,0,0,0,0,0,0,0,0,0,0,0,0,0
1181,1181,21,391,3905200,0,0,0,0,0,0,0,0,0,0,0,0,0,0,0,0,0,0,0,0,0
1182,1182,21,391,3905300,0,0,0,0,0,0,0,0,0,0,0,0,0,0,0,0,0,0,0,0,0
1183,1183,21,391,3905400,0,0,0,0,0,0,0,0,0,0,0,0,0,0,0,0,0,0,0,0,0
1184,1184,21,391,3905500,0,0,0,0,0,0,0,0,0,0,0,0,0,0,0,0,0,0,0,0,0
1185,1185,21,391,3905600,0,0,0,0,0,0,0,0,0,0,0,0,0,0,0,0,0,0,0,0,0
