,Unnamed: 0,Subdistcode,Subdistrict,Districtcode,Population,Males,Females,0-4,5-9,10-14,15-19,20-24,25-29,30-34,35-39,40-44,45-49,50-54,55-59,60-64,65-69,70-74,75-79,80+,Age not stated
0,0,2755,Paikamal,370,100438,49972,50466,7841,7848,9628,10192,9361,8492,7589,7557,6790,5862,4761,3867,3827,2682,2099,919,991,121
1,1,2756,Jharbandha,370,113288,55965,57323,8845,8852,10860,11496,10559,9578,8560,8524,7659,6612,5370,4362,4316,3026,2368,1037,1118,137
2,2,2757,Padmapur,370,88793,44649,44144,6932,6938,8512,9010,8275,7507,6709,6681,6003,5182,4209,3418,3383,2371,1855,813,876,107
3,3,2758,BurdenP.S.,370,36343,17965,18378,2837,2840,3484,3688,3387,3072,2746,2734,2457,2121,1722,1399,1384,970,759,332,358,44
4,4,2759,Gaisilet,370,84623,42348,42275,6606,6612,8112,8587,7887,7154,6394,6367,5721,4939,4011,3258,3224,2260,1768,774,835,102
5,5,2760,Melchhamunda,370,76751,38524,38227,5992,5997,7358,7788,7153,6489,5799,5775,5188,4479,3638,2955,2924,2050,1604,702,757,93
6,6,2761,Sohela,370,114261,57912,56349,8921,8928,10954,11595,10649,9660,8634,8598,7724,6669,5417,4399,4353,3052,2388,1046,1128,138
7,7,2762,Bijepur,370,117329,59135,58194,9160,9168,11248,11906,10935,9920,8866,8828,7932,6848,5562,4517,4470,3134,2452,1074,1158,142
8,8,2763,Barapali,370,140163,71676,68487,10943,10953,13437,14223,13063,11850,10591,10547,9476,8181,6645,5396,5340,3744,2929,1283,1384,169
9,9,2764,Bheden,370,139212,71097,68115,10869,10878,13346,14127,12975,11770,10520,10475,9411,8125,6599,5360,5304,3718,2909,1274,1374,168
10,10,2765,Bargarh,370,179348,92307,87041,14002,14015,17194,18200,16716,15164,13553,13495,12125,10468,8502,6905,6833,4790,3748,1642,1771,217
11,11,2766,Bargarh Sadar ,370,85657,43815,41842,6687,6693,8211,8692,7983,7242,6472,6445,5791,4999,4060,3298,3263,2288,1790,784,845,103
12,12,2767,Bhatli,370,98695,49733,48962,7705,7712,9461,10015,9198,8344,7458,7426,6672,5760,4679,3800,3760,2636,2062,903,974,119
13,13,2768,Ambabhona,370,71807,36165,35642,5606,5611,6884,7287,6692,6071,5426,5403,4854,4191,3404,2764,2736,1918,1500,657,709,87
14,14,2769,Attabira,370,171880,87357,84523,13419,13431,16478,17442,16020,14532,12988,12933,11620,10032,8148,6618,6549,4591,3592,1573,1697,208
15,15,2770,Rengali,371,67185,34031,33154,5273,5543,6475,6748,6862,6213,5237,5013,4390,3846,3001,2369,2209,1511,1131,563,638,152
16,16,2771,Lakhanpur,371,38240,19186,19054,3001,3155,3685,3840,3906,3536,2980,2853,2499,2189,1708,1348,1257,860,643,320,363,86
17,17,2772,Belpahar,371,47634,24688,22946,3739,3930,4591,4784,4865,4405,3713,3554,3113,2727,2128,1680,1566,1071,802,399,452,108
18,18,2773,Banaharapali,371,49201,25320,23881,3862,4059,4742,4941,5025,4549,3835,3671,3215,2817,2198,1735,1618,1107,828,412,467,111
19,19,2774,Orient,371,90165,46927,43238,7077,7440,8690,9056,9210,8338,7028,6728,5892,5162,4028,3180,2965,2028,1518,756,856,204
20,20,2775,Brajarajnagar,371,29588,15070,14518,2322,2441,2851,2971,3022,2736,2306,2208,1933,1694,1321,1043,973,665,498,248,281,67
21,21,2776,Jharsuguda,371,137212,71092,66120,10770,11322,13225,13781,14015,12688,10696,10240,8967,7856,6130,4839,4512,3087,2310,1150,1303,311
22,22,2777,Badmal ,371,30797,16408,14389,2417,2541,2968,3093,3145,2848,2400,2298,2012,1763,1375,1086,1012,692,518,258,292,69
23,23,2778,Laikera,371,110779,55400,55379,8695,9141,10677,11126,11315,10244,8635,8267,7240,6342,4949,3907,3643,2492,1865,928,1052,251
24,24,2779,Kolabira,371,46627,23340,23287,3660,3847,4494,4683,4762,4311,3634,3479,3047,2669,2083,1644,1533,1049,785,390,443,105
25,25,2780,Govindpur,372,65536,32597,32939,5176,5567,6357,6461,6294,5752,4946,4857,4380,3856,3073,2460,2355,1538,1186,545,595,132
26,26,2781,Mahulpalli,372,84919,42130,42789,6707,7214,8237,8372,8156,7454,6408,6293,5675,4996,3981,3188,3052,1993,1536,707,771,171
27,27,2782,Kochinda,372,90499,45221,45278,7148,7688,8779,8922,8692,7943,6830,6707,6048,5324,4243,3397,3252,2124,1637,753,821,182
28,28,2783,Katarbaga,372,33106,16595,16511,2614,2812,3211,3264,3179,2906,2498,2453,2212,1947,1552,1242,1189,777,599,275,300,66
29,29,2784,Thelkoloi  ,372,29825,15279,14546,2355,2533,2893,2940,2864,2618,2250,2210,1993,1754,1398,1119,1071,700,539,248,270,60
30,30,2785,Rengali ,372,29763,15273,14490,2350,2528,2887,2934,2858,2612,2246,2205,1989,1751,1395,1117,1069,698,538,247,270,59
31,31,2786,Sasan,372,70688,35902,34786,5583,6005,6857,6969,6789,6204,5334,5239,4724,4159,3314,2653,2540,1659,1279,588,641,142
32,32,2787,Hirakud,372,41984,21682,20302,3316,3566,4072,4139,4032,3685,3168,3111,2806,2470,1968,1576,1508,985,759,349,381,84
33,33,2788,Burla,372,95093,48315,46778,7511,8078,9224,9375,9133,8347,7176,7047,6355,5595,4458,3570,3417,2232,1721,791,863,191
34,34,2789,Dhanupali,372,8562,4428,4134,676,727,830,844,822,751,646,634,572,503,401,321,307,200,154,71,77,17
35,35,2790,Ainthapali,372,13993,7001,6992,1105,1188,1357,1379,1343,1228,1056,1037,935,823,656,525,502,328,253,116,127,28
36,36,2791,Sadar,372,51706,26237,25469,4084,4392,5015,5097,4966,4538,3902,3832,3455,3042,2424,1941,1858,1213,935,430,469,104
37,37,2792,Jamankira,372,65657,32721,32936,5186,5577,6369,6473,6306,5763,4955,4866,4388,3863,3078,2464,2359,1541,1188,546,596,132
38,38,2793,Kisinda,372,22672,11372,11300,1790,1926,2199,2235,2177,1990,1711,1680,1515,1334,1063,851,814,532,410,188,205,45
39,39,2794,Jujomura,372,63464,32072,31392,5012,5391,6156,6257,6095,5570,4789,4703,4241,3734,2975,2382,2280,1489,1148,528,576,127
40,40,2795,Dhama,372,49400,25101,24299,3902,4196,4792,4870,4744,4336,3728,3661,3301,2906,2316,1854,1775,1159,894,411,448,99
41,41,2796,Charamal,372,32719,16485,16234,2584,2779,3173,3225,3142,2872,2469,2424,2186,1925,1534,1228,1175,768,592,272,297,65
42,42,2797,Rairakhol,372,61504,31099,30405,4858,5224,5966,6063,5907,5398,4641,4558,4110,3618,2883,2309,2210,1443,1113,512,558,123
43,43,2798,Naktideul,372,32745,16345,16400,2586,2781,3176,3228,3145,2874,2471,2426,2188,1926,1535,1229,1176,768,592,272,297,65
44,44,2799,Sambalpur (M),372,209843,107999,101844,16575,17826,20356,20689,20154,18419,15837,15552,14024,12347,9839,7878,7541,4926,3797,1747,1905,422
45,45,2800,Debagarh,373,121504,61489,60015,10759,11639,13349,11579,10805,10316,8967,8668,7584,6577,5318,4475,4442,2737,2140,886,989,264
46,46,2801,Barkot,373,82072,41623,40449,7267,7862,9017,7821,7298,6968,6057,5854,5123,4443,3592,3023,3000,1849,1445,598,668,178
47,47,2802,Kundheigola,373,59024,30314,28710,5226,5654,6485,5624,5249,5011,4356,4210,3684,3195,2583,2174,2157,1329,1039,430,480,128
48,48,2803,Reamal,373,89302,44745,44557,7907,8555,9811,8510,7941,7582,6591,6370,5574,4834,3909,3289,3264,2011,1573,651,727,194
49,49,2804,Hemgir,374,94991,47934,47057,8277,9305,9915,9216,8938,8295,7197,7114,6252,5446,4084,3196,2914,1925,1387,595,617,310
50,50,2805,Lephripara,374,79251,39740,39511,6905,7763,8272,7689,7457,6920,6005,5935,5216,4543,3407,2666,2431,1606,1157,496,515,259
51,51,2806,Bhasma,374,47296,23797,23499,4121,4633,4936,4588,4450,4130,3583,3542,3113,2711,2033,1591,1451,958,690,296,307,154
52,52,2807,Dharuadihi,374,39798,19870,19928,3467,3898,4154,3861,3744,3475,3015,2980,2619,2281,1711,1339,1221,806,581,249,258,130
53,53,2808,Sundargarh Town,374,55011,27807,27204,4793,5388,5742,5337,5176,4803,4168,4120,3620,3153,2365,1851,1687,1115,803,344,357,179
54,54,2809,Sundargarh ,374,83280,41355,41925,7256,8158,8692,8080,7836,7272,6310,6237,5481,4774,3581,2802,2555,1688,1216,521,541,272
55,55,2810,Kinjirkela,374,64540,31953,32587,5623,6322,6736,6262,6073,5635,4890,4833,4248,3700,2775,2171,1980,1308,942,404,419,211
56,56,2811,Talasara,374,90368,44580,45788,7874,8852,9432,8767,8503,7891,6847,6768,5948,5180,3886,3040,2772,1832,1319,566,587,295
57,57,2812,Baragaon,374,87559,43794,43765,7629,8577,9139,8495,8239,7646,6634,6558,5763,5019,3765,2946,2686,1775,1278,548,569,286
58,58,2813,Kutra,374,74662,37389,37273,6505,7313,7793,7244,7025,6519,5657,5592,4914,4280,3210,2512,2290,1513,1090,467,485,244
59,59,2814,Rajagangapur,374,186628,94007,92621,16262,18281,19480,18107,17561,16297,14141,13978,12284,10699,8025,6280,5725,3783,2725,1169,1213,610
60,60,2815,Raiboga,374,48838,24330,24508,4255,4784,5097,4738,4595,4264,3700,3657,3214,2799,2100,1643,1498,990,713,305,317,159
61,61,2816,Biramitrapur,374,108834,54659,54175,9483,10661,11360,10559,10241,9503,8246,8151,7163,6239,4680,3662,3339,2206,1589,681,707,355
62,62,2817,Hatibari,374,69572,34472,35100,6062,6815,7262,6750,6546,6075,5271,5210,4579,3988,2991,2341,2134,1410,1016,435,452,227
63,63,2818,Bisra,374,110602,55106,55496,9637,10834,11544,10731,10407,9658,8380,8283,7279,6341,4756,3721,3393,2242,1615,692,719,361
64,64,2819,Bondamunda,374,16175,8199,7976,1409,1584,1688,1569,1522,1412,1225,1211,1064,927,695,544,496,327,236,101,105,52
65,65,2820,Brahmani Tarang,374,64778,32281,32497,5644,6345,6761,6285,6095,5656,4908,4851,4263,3713,2785,2179,1987,1313,946,405,421,211
66,66,2821,Raghunathapali,374,29315,14873,14442,2554,2871,3059,2844,2758,2559,2221,2195,1929,1680,1260,986,899,594,428,183,190,95
67,67,2822,Tangarapali,374,6573,3364,3209,572,643,686,637,618,573,498,492,432,376,282,221,201,133,95,41,42,21
68,68,2823,Lathikata,374,27911,14408,13503,2432,2734,2913,2708,2626,2437,2114,2090,1837,1600,1200,939,856,565,407,174,181,91
69,69,2824,Chandiposh,374,24561,12248,12313,2140,2405,2563,2383,2311,2144,1861,1839,1616,1408,1056,826,753,497,358,153,159,80
70,70,2825,Kamarposh Balang,374,48141,24119,24022,4194,4715,5025,4670,4530,4203,3647,3605,3168,2760,2070,1619,1477,976,703,301,313,157
71,71,2826,Koida,374,45861,23378,22483,3996,4492,4787,4449,4315,4004,3475,3434,3018,2629,1972,1543,1407,929,669,287,298,149
72,72,2827,Lahunipara,374,87445,43522,43923,7619,8566,9127,8484,8228,7636,6626,6549,5755,5013,3760,2942,2682,1772,1277,547,568,285
73,73,2828,Gurundia,374,39606,19568,20038,3451,3879,4134,3842,3726,3458,3001,2966,2606,2270,1703,1332,1215,802,578,248,257,129
74,74,2829,Tikaetpali,374,26500,13093,13407,2309,2595,2766,2571,2493,2314,2008,1984,1744,1519,1139,891,813,537,387,166,172,86
75,75,2830,Banei,374,69429,34465,34964,6049,6801,7247,6736,6533,6062,5260,5200,4569,3980,2985,2336,2130,1407,1013,434,451,227
76,76,2831,Mahulapada,374,21559,10974,10585,1878,2111,2250,2091,2028,1882,1633,1614,1419,1236,927,725,661,437,314,135,140,70
77,77,2832,Raurkela (M),374,359525,189957,169568,31327,35218,37527,34882,33830,31395,27242,26928,23664,20612,15460,12097,11030,7288,5250,2252,2337,1175
78,78,2833,Raurkela (ITS)P.S.,374,243110,126826,116284,21183,23814,25376,23587,22876,21229,18421,18208,16001,13937,10454,8180,7458,4928,3550,1522,1580,794
79,79,2834,Barbil,375,94852,49533,45319,9471,10255,9841,8541,8485,8095,6954,6686,5999,5255,4091,3214,3087,1881,1381,599,629,378
80,80,2835,Bolani,375,22541,11619,10922,2250,2437,2338,2029,2016,1923,1652,1588,1425,1248,972,763,733,447,328,142,149,89
81,81,2836,Rugudi,375,18670,9929,8741,1864,2018,1937,1681,1670,1593,1368,1316,1180,1034,805,632,607,370,271,118,123,74
82,82,2837,Joda,375,81963,41827,40136,8184,8862,8504,7381,7332,6995,6009,5777,5184,4541,3535,2777,2667,1625,1194,518,543,326
83,83,2838,Bamebari ,375,63443,32441,31002,6335,6859,6582,5713,5675,5414,4651,4472,4013,3515,2736,2150,2064,1258,924,401,420,252
84,84,2839,Champua,375,109494,54970,54524,10933,11838,11360,9860,9795,9345,8028,7718,6926,6066,4722,3711,3563,2171,1595,692,726,436
85,85,2840,Jhumpura,375,52918,26548,26370,5284,5721,5490,4765,4734,4516,3880,3730,3347,2931,2282,1793,1722,1049,770,334,351,210
86,86,2841,Baria,375,83052,40947,42105,8293,8979,8617,7479,7430,7088,6089,5854,5253,4601,3582,2814,2703,1646,1209,525,551,331
87,87,2842,Turumunga,375,77340,38384,38956,7722,8362,8024,6964,6919,6600,5670,5451,4892,4285,3335,2621,2517,1533,1126,489,513,308
88,88,2843,Patana,375,118183,58306,59877,11801,12778,12262,10642,10572,10086,8665,8330,7475,6547,5097,4005,3846,2343,1721,747,784,471
89,89,2844,Kendujhar Sadar,375,177475,88254,89221,17722,19189,18414,15982,15877,15147,13012,12510,11226,9833,7655,6015,5776,3519,2585,1122,1177,707
90,90,2845,Kendujhar Town,375,111482,57419,54063,11132,12053,11567,10039,9973,9514,8174,7858,7051,6176,4808,3778,3628,2210,1624,705,739,444
91,91,2846,Nayakote,375,51925,25533,26392,5185,5614,5387,4676,4645,4431,3807,3660,3284,2876,2239,1759,1690,1029,756,328,344,207
92,92,2847,Kanjipani,375,24512,12115,12397,2447,2650,2543,2207,2192,2092,1797,1727,1550,1358,1057,830,797,486,357,155,162,97
93,93,2848,Telkoi,375,107917,53701,54216,10776,11668,11197,9718,9654,9210,7912,7607,6826,5979,4654,3657,3512,2140,1572,682,716,430
94,94,2849,Pandapara,375,71376,35659,35717,7127,7717,7405,6427,6385,6091,5233,5031,4514,3954,3078,2419,2323,1415,1039,451,473,284
95,95,2850,Ghatgaon,375,120756,60285,60471,12058,13056,12529,10874,10803,10306,8854,8512,7638,6690,5208,4092,3930,2394,1759,763,801,481
96,96,2851,Harichandanpur,375,90997,45597,45400,9086,9838,9441,8194,8140,7766,6672,6414,5756,5041,3924,3084,2961,1804,1325,575,603,362
97,97,2852,Daitari,375,31085,15724,15361,3104,3361,3225,2799,2780,2653,2279,2191,1966,1722,1340,1053,1011,616,452,196,206,123
98,98,2853,Ghasipura,375,127108,64062,63046,12692,13743,13188,11446,11371,10848,9319,8959,8040,7042,5482,4307,4137,2520,1851,803,843,506
99,99,2854,Anandapur,375,140049,70684,69365,13984,15142,14531,12612,12529,11952,10268,9872,8858,7759,6040,4746,4558,2777,2040,885,929,558
100,100,2855,Soso,375,72431,36376,36055,7232,7831,7515,6522,6479,6181,5310,5105,4581,4013,3124,2454,2357,1436,1055,458,480,288
101,101,2856,Nandipada,375,93062,47209,45853,9292,10062,9656,8380,8325,7942,6823,6560,5886,5156,4014,3154,3029,1845,1355,588,617,371
102,102,2857,Sainkul,375,88722,44894,43828,8859,9592,9205,7989,7937,7572,6505,6254,5612,4915,3826,3006,2887,1759,1292,561,588,353
103,103,2858,Tiring,376,113430,56238,57192,10689,12756,12890,10345,9552,9025,7735,7875,7224,6431,5078,3977,3822,2426,1763,777,795,261
104,104,2859,Bahalda,376,60069,29789,30280,5661,6755,6826,5478,5058,4779,4096,4170,3825,3405,2689,2106,2024,1284,933,411,421,138
105,105,2860,Jamda,376,55082,26519,28563,5191,6194,6259,5024,4638,4382,3756,3824,3508,3123,2466,1931,1856,1178,856,377,386,126
106,106,2861,Rairangpur Town,376,57324,28565,28759,5402,6446,6514,5228,4827,4561,3909,3980,3651,3250,2566,2009,1931,1226,891,393,401,131
107,107,2862,Gorumahisani,376,53775,26165,27610,5067,6047,6111,4904,4528,4278,3667,3733,3424,3048,2407,1885,1812,1150,835,368,376,123
108,108,2863,Jharpokharia,376,112615,56894,55721,10613,12664,12798,10271,9484,8960,7679,7819,7172,6385,5041,3948,3794,2408,1750,772,789,259
109,109,2864,Bisoi,376,83393,40658,42735,7859,9378,9477,7606,7023,6635,5686,5790,5311,4728,3733,2923,2810,1783,1296,571,584,191
110,110,2865,Rairangpur,376,92221,45504,46717,8691,10371,10480,8411,7766,7337,6288,6403,5873,5228,4128,3233,3107,1972,1433,632,646,212
111,111,2866,Badampahar,376,72098,35046,37052,6794,8108,8193,6576,6072,5736,4916,5006,4592,4087,3227,2527,2429,1542,1120,494,505,165
112,112,2867,Jashipur,376,136578,67286,69292,12871,15359,15521,12457,11502,10867,9313,9483,8698,7743,6114,4788,4602,2921,2122,936,957,314
113,113,2868,Raruan,376,88256,43716,44540,8317,9925,10029,8049,7432,7022,6018,6128,5621,5004,3951,3094,2974,1887,1371,605,618,203
114,114,2869,Ghagarbeda ,376,32613,16264,16349,3073,3667,3706,2974,2746,2594,2223,2264,2077,1849,1460,1143,1099,697,506,223,228,75
115,115,2870,Karanjia,376,129077,63921,65156,12164,14516,14669,11773,10870,10270,8802,8962,8221,7318,5778,4525,4349,2760,2006,885,904,297
116,116,2871,Thakurmunda,376,65327,31893,33434,6156,7346,7424,5958,5501,5198,4454,4535,4160,3703,2924,2290,2201,1397,1015,448,457,150
117,117,2872,Baripada Sadar,376,98280,49293,48987,9262,11052,11169,8964,8277,7820,6701,6824,6259,5572,4400,3445,3311,2102,1527,674,688,226
118,118,2873,Baripada Town,376,5811,2929,2882,547,653,660,530,489,462,396,403,370,329,260,203,195,124,90,39,40,13
119,119,2874,Koliana,376,93448,46556,46892,8806,10509,10619,8523,7870,7435,6372,6488,5951,5298,4183,3276,3149,1998,1452,640,655,215
120,120,2875,Bangiriposi,376,118379,59095,59284,11156,13313,13453,10797,9969,9419,8072,8219,7539,6711,5299,4150,3989,2532,1839,811,829,272
121,121,2876,Chandua,376,71534,36327,35207,6741,8044,8129,6524,6024,5691,4878,4966,4556,4055,3202,2508,2410,1530,1111,490,501,164
122,122,2877,Suliapada,376,97449,48793,48656,9183,10959,11074,8888,8207,7753,6645,6766,6206,5525,4362,3416,3283,2084,1514,668,683,224
123,123,2878,Muruda,376,87272,43356,43916,8224,9814,9918,7960,7349,6944,5951,6059,5558,4948,3907,3059,2940,1866,1356,598,611,200
124,124,2879,Rasagobindapur,376,108926,55078,53848,10265,12249,12378,9935,9173,8667,7427,7563,6937,6176,4876,3819,3670,2329,1693,747,763,250
125,125,2880,Baisinga,376,137714,69222,68492,12978,15487,15650,12560,11598,10957,9390,9562,8771,7808,6165,4828,4640,2945,2140,944,965,316
126,126,2881,Betanati,376,101185,50961,50224,9535,11379,11499,9229,8521,8051,6900,7025,6444,5737,4530,3547,3409,2164,1572,693,709,232
127,127,2882,Barsahi,376,149612,75361,74251,14099,16825,17002,13646,12600,11904,10202,10388,9528,8482,6698,5245,5041,3200,2325,1026,1048,344
128,128,2883,Khunta,376,139497,68971,70526,13146,15688,15853,12723,11748,11099,9512,9685,8884,7909,6245,4891,4700,2983,2168,956,977,320
129,129,2884,Udala,376,124249,61997,62252,11709,13973,14120,11332,10464,9886,8472,8627,7913,7044,5562,4356,4187,2657,1931,852,870,285
130,130,2885,Kaptipada,376,86246,43454,42792,8128,9699,9801,7866,7263,6862,5881,5988,5493,4890,3861,3023,2906,1844,1340,591,604,198
131,131,2886,Sharata,376,87309,43582,43727,8228,9818,9922,7963,7353,6947,5953,6062,5560,4950,3908,3061,2942,1867,1357,598,611,200
132,132,2887,Mahuldiha,376,52817,25908,26909,4977,5939,6002,4817,4448,4202,3601,3667,3363,2994,2364,1851,1779,1129,820,362,370,121
133,133,2888,Baripada (M),376,131860,68260,63600,12426,14829,14985,12026,11105,10492,8991,9155,8398,7476,5903,4623,4443,2820,2049,904,924,303
134,134,2889,Raibania ,377,91446,46227,45219,7781,8980,9593,8461,8270,8293,7049,6733,5735,5015,3954,3037,2896,2074,1647,853,929,138
135,135,2890,Jaleswar ,377,169512,87244,82268,14424,16647,17783,15684,15330,15374,13067,12482,10632,9296,7330,5629,5369,3844,3053,1582,1722,256
136,136,2891,Bhograi,377,214273,110687,103586,18232,21043,22478,19826,19378,19433,16517,15778,13440,11751,9266,7116,6787,4860,3860,2000,2177,324
137,137,2892,Kamarda,377,109276,56627,52649,9298,10731,11463,10111,9882,9910,8423,8046,6854,5992,4725,3629,3461,2478,1968,1020,1110,165
138,138,2893,Baliapal ,377,193135,98711,94424,16434,18967,20261,17870,17466,17516,14888,14221,12114,10591,8352,6414,6117,4380,3479,1802,1962,292
139,139,2894,Singla ,377,152476,78509,73967,12974,14974,15995,14108,13789,13828,11754,11227,9563,8362,6593,5064,4829,3458,2746,1423,1549,230
140,140,2895,Basta ,377,172632,88819,83813,14689,16953,18110,15973,15612,15657,13307,12711,10828,9467,7465,5733,5468,3915,3110,1611,1754,261
141,141,2896,Rupsa ,377,28624,14585,14039,2435,2811,3002,2648,2588,2596,2206,2107,1795,1569,1237,950,906,649,515,267,290,43
142,142,2897,Baleshwar Sadar,377,203515,104627,98888,17317,19986,21350,18830,18405,18458,15688,14985,12765,11161,8801,6759,6446,4616,3666,1899,2068,308
143,143,2898,Sahadevkhunta,377,11629,6024,5605,989,1142,1219,1076,1051,1054,896,856,729,637,502,386,368,263,209,108,118,17
144,144,2899,Chandipur ,377,46123,23586,22537,3924,4529,4838,4267,4171,4183,3555,3396,2893,2529,1994,1531,1460,1046,830,430,468,69
145,145,2900,Balaramgadi Marine ,377,5952,3033,2919,506,584,624,550,538,539,458,438,373,326,257,197,188,135,107,55,60,9
146,146,2901,Bampada ,377,12826,6646,6180,1091,1259,1345,1186,1159,1163,988,944,804,703,554,425,406,290,231,119,130,19
147,147,2902,Remuna ,377,104169,53025,51144,8863,10230,10928,9638,9420,9447,8030,7670,6533,5712,4504,3459,3299,2362,1876,972,1058,157
148,148,2903,Nilagiri ,377,150192,76167,74025,12780,14749,15756,13896,13582,13621,11578,11059,9420,8236,6495,4988,4757,3406,2705,1402,1526,227
149,149,2904,Berhampur ,377,65471,32745,32726,5571,6429,6868,6057,5920,5937,5047,4820,4106,3590,2831,2174,2073,1485,1179,611,665,99
150,150,2905,Oupada  ,377,45181,22438,22743,3844,4437,4739,4180,4086,4097,3482,3326,2833,2477,1953,1500,1431,1024,813,421,459,68
151,151,2906,Khaira  ,377,158838,78864,79974,13515,15598,16663,14696,14364,14405,12244,11696,9963,8711,6868,5275,5031,3602,2861,1482,1614,240
152,152,2907,Soro,377,353987,182184,171803,30121,34763,37135,32753,32013,32105,27288,26065,22203,19413,15308,11756,11212,8029,6377,3304,3597,536
153,153,2908,Similia ,377,183663,92973,90690,15628,18036,19267,16993,16609,16657,14158,13524,11520,10072,7942,6099,5817,4165,3308,1714,1866,278
154,154,2909,Baleshwar (M),377,164061,83774,80287,13960,16111,17211,15180,14837,14879,12647,12080,10290,8997,7094,5448,5196,3721,2955,1531,1667,248
155,155,2910,Agarpada ,378,66303,33467,32836,5630,6159,7150,6492,6181,5739,4896,4678,4123,3626,2953,2210,2022,1482,1366,687,741,156
156,156,2911,Bant ,378,72252,36531,35721,6135,6712,7792,7075,6735,6254,5336,5098,4494,3952,3219,2409,2204,1615,1488,749,807,170
157,157,2912,Bhandari Pokhari ,378,125722,63038,62684,10675,11680,13558,12311,11720,10883,9285,8871,7819,6877,5601,4191,3835,2811,2590,1304,1405,297
158,158,2913,Dhamanagar,378,135919,68433,67486,11541,12627,14658,13309,12671,11766,10038,9590,8454,7434,6055,4531,4146,3039,2800,1409,1519,321
159,159,2914,Bhadrak Rural ,378,404664,206438,198226,34361,37595,43641,39626,37726,35032,29886,28553,25169,22135,18028,13492,12346,9048,8338,4197,4523,956
160,160,2915,Basudebpur ,378,183876,91402,92474,15613,17083,19830,18006,17142,15918,13579,12974,11436,10058,8192,6131,5610,4111,3789,1907,2055,434
161,161,2916,Naikanidihi ,378,103932,52696,51236,8825,9655,11208,10177,9689,8997,7675,7333,6464,5685,4630,3465,3171,2324,2141,1078,1161,245
162,162,2917,Tihidi ,378,222010,111199,110811,18851,20626,23943,21740,20697,19219,16396,15665,13808,12144,9891,7402,6773,4964,4574,2303,2481,524
163,163,2918,Dhusuri ,378,138775,69991,68784,11783,12893,14966,13589,12937,12013,10249,9792,8631,7591,6182,4627,4234,3103,2859,1439,1551,328
164,164,2919,Chandabali ,378,114879,57832,57047,9754,10672,12389,11249,10710,9945,8484,8105,7145,6284,5118,3830,3505,2568,2367,1191,1284,271
165,165,2920,Bansada ,378,141979,72126,69853,12055,13190,15312,13903,13236,12291,10485,10018,8830,7766,6325,4734,4331,3174,2925,1472,1587,335
166,166,2921,Dhamara Marine,378,4640,2398,2242,394,431,500,454,432,401,342,327,288,253,206,154,141,103,95,48,51,10
167,167,2922,Rajkanika ,379,155243,74358,80885,12118,13304,15763,14604,14051,13286,11269,10834,9646,8619,7170,5933,5767,4286,3823,2197,2172,390
168,168,2923,Rajnagar ,379,180208,90924,89284,14067,15444,18299,16952,16311,15422,13081,12577,11197,10005,8323,6888,6694,4975,4438,2550,2522,453
169,169,2924,Jamboo Marine  ,379,32514,16988,15526,2538,2786,3301,3058,2942,2782,2360,2269,2020,1805,1501,1242,1207,897,800,460,455,81
170,170,2925,Aali ,379,151928,71121,80807,11860,13020,15427,14292,13751,13002,11028,10603,9440,8435,7017,5807,5644,4195,3742,2150,2126,382
171,171,2926,Pattamundai ,379,241522,118585,122937,18854,20698,24525,22720,21860,20670,17532,16856,15007,13409,11155,9231,8972,6669,5948,3418,3380,607
172,172,2927,Kendrapara,379,51826,26694,25132,4045,4441,5262,4875,4690,4435,3762,3617,3220,2877,2393,1980,1925,1431,1276,733,725,130
173,173,2928,Kendrapara Sadar  ,379,175285,89051,86234,13683,15022,17799,16489,15865,15001,12724,12233,10891,9732,8096,6700,6512,4840,4317,2481,2453,441
174,174,2929,Nikirai ,379,74912,37403,37509,5847,6420,7606,7047,6780,6411,5437,5228,4654,4159,3460,2863,2783,2068,1845,1060,1048,188
175,175,2930,Derabish ,379,72666,37033,35633,5672,6227,7378,6835,6577,6219,5274,5071,4515,4034,3356,2777,2699,2006,1789,1028,1017,182
176,176,2931,Patkura ,379,195504,99283,96221,15261,16755,19852,18391,17695,16731,14191,13644,12148,10854,9030,7472,7263,5398,4815,2767,2736,491
177,177,2932,Marsaghai ,379,119253,60975,58278,9309,10220,12109,11218,10793,10206,8656,8323,7410,6621,5508,4558,4430,3292,2937,1688,1669,300
178,178,2933,Mahakalapada ,379,137173,68994,68179,10708,11756,13929,12904,12415,11739,9957,9573,8523,7616,6335,5243,5096,3787,3378,1941,1920,345
179,179,2934,Paradip ,380,78467,42750,35717,5324,5898,7051,6995,7282,7330,6120,5831,5299,4636,3905,3192,2949,2120,1980,1129,1199,219
180,180,2935,Paradeep Lock ,380,43557,22255,21302,2955,3274,3914,3883,4042,4068,3397,3237,2941,2573,2168,1772,1637,1177,1099,627,665,121
181,181,2936,Kujang ,380,119330,60923,58407,8096,8970,10723,10638,11075,11147,9307,8868,8059,7050,5939,4855,4485,3224,3011,1717,1824,333
182,182,2937,Abhyachandpur  ,380,25837,13227,12610,1753,1942,2321,2303,2398,2413,2015,1920,1744,1526,1286,1051,971,698,651,371,394,72
183,183,2938,Ersama ,380,117087,58663,58424,7944,8801,10521,10438,10867,10937,9132,8702,7907,6917,5827,4763,4401,3164,2954,1685,1789,326
184,184,2939,Tirtol ,380,236445,118546,117899,16043,17774,21247,21079,21945,22088,18441,17573,15969,13970,11768,9620,8887,6389,5966,3403,3614,660
185,185,2940,Jagatsinghapur,380,267885,135893,131992,18176,20138,24073,23882,24863,25025,20893,19909,18092,15827,13333,10899,10069,7239,6759,3856,4094,747
186,186,2941,Biridi,380,90688,46253,44435,6153,6817,8149,8085,8417,8471,7073,6740,6124,5358,4513,3689,3408,2450,2288,1305,1386,253
187,187,2942,Naugaon ,380,85454,42883,42571,5798,6423,7679,7618,7931,7982,6665,6351,5771,5048,4253,3476,3212,2309,2156,1230,1306,238
188,188,2943,Balikuda ,380,180613,91564,89049,12254,13577,16230,16102,16763,16872,14087,13423,12198,10671,8989,7348,6788,4880,4557,2600,2760,504
189,189,2944,Narasinghpur ,381,108267,56621,51646,7865,8487,9844,10142,10320,9950,8576,8374,7336,6367,5027,4098,3809,2681,2311,1288,1405,378
190,190,2945,Kanpur ,381,66072,34838,31234,4799,5179,6007,6189,6298,6072,5233,5110,4477,3885,3068,2501,2324,1636,1410,786,857,231
191,191,2946,Badamba ,381,166124,86834,79290,12068,13023,15105,15562,15835,15267,13159,12849,11257,9770,7714,6288,5845,4114,3546,1977,2156,581
192,192,2947,Baidyeswar ,381,61274,31687,29587,4451,4803,5571,5740,5840,5631,4853,4739,4152,3603,2845,2319,2155,1517,1308,729,795,214
193,193,2948,Banki ,381,195817,101708,94109,14225,15351,17805,18344,18666,17996,15511,15146,13269,11516,9092,7412,6889,4849,4180,2331,2541,685
194,194,2949,Tigiria ,381,82777,42908,39869,6013,6489,7526,7754,7890,7607,6557,6402,5609,4868,3843,3133,2912,2050,1767,985,1074,289
195,195,2950,Athagad ,381,98850,50974,47876,7181,7749,8988,9260,9422,9084,7830,7645,6698,5813,4590,3741,3478,2448,2110,1176,1282,345
196,196,2951,Barang ,381,47183,24549,22634,3427,3699,4290,4420,4497,4336,3737,3649,3197,2774,2190,1786,1660,1168,1007,561,612,165
197,197,2952,Gurudijhatia ,381,37797,19210,18587,2745,2963,3436,3540,3603,3473,2994,2923,2561,2222,1755,1430,1329,936,806,449,490,132
198,198,2953,Khuntuni  ,381,42987,21797,21190,3122,3370,3908,4027,4097,3950,3405,3324,2913,2528,1996,1627,1512,1064,917,511,557,150
199,199,2954,Choudwar ,381,129639,67007,62632,9417,10163,11788,12144,12357,11914,10269,10027,8785,7624,6019,4907,4561,3210,2767,1543,1682,453
200,200,2955,Tangi ,381,92814,47604,45210,6742,7276,8439,8695,8847,8529,7352,7178,6289,5458,4309,3513,3265,2298,1981,1104,1204,324
201,201,2956,Mahanga ,381,207310,106598,100712,15060,16252,18850,19421,19761,19052,16421,16035,14048,12192,9626,7847,7294,5134,4426,2468,2690,725
202,202,2957,Salepur ,381,159052,80672,78380,11554,12469,14462,14900,15161,14617,12599,12302,10778,9354,7385,6020,5596,3939,3395,1893,2064,556
203,203,2958,Nischintakoili ,381,59331,30537,28794,4310,4651,5394,5558,5655,5452,4699,4589,4020,3489,2755,2245,2087,1469,1266,706,770,207
204,204,2959,Nemalo,381,76893,38820,38073,5586,6028,6991,7203,7329,7066,6091,5947,5210,4522,3570,2910,2705,1904,1641,915,997,269
205,205,2960,Kishannagar ,381,108259,55338,52921,7864,8487,9843,10141,10319,9949,8575,8373,7336,6366,5027,4098,3809,2681,2311,1288,1405,378
206,206,2961,Jagatpur ,381,69158,35461,33697,5024,5421,6288,6478,6592,6355,5478,5349,4686,4067,3211,2617,2433,1712,1476,823,897,242
207,207,2962,Cuttack Sadar ,381,120486,61419,59067,8753,9445,10955,11287,11485,11073,9544,9319,8164,7085,5594,4560,4239,2984,2572,1434,1563,421
208,208,2963,Kandarpur,381,37410,19096,18314,2717,2932,3401,3504,3566,3438,2963,2893,2535,2200,1737,1416,1316,926,798,445,485,130
209,209,2964,C.R.R.I. ,381,3538,1761,1777,257,277,321,331,337,325,280,273,239,208,164,133,124,87,75,42,45,12
210,210,2965,Gobindpur ,381,70945,36220,34725,5153,5561,6451,6646,6762,6520,5619,5487,4807,4172,3294,2685,2496,1757,1514,844,920,248
211,211,2966,Olatapur,381,28328,14639,13689,2057,2220,2575,2653,2700,2603,2243,2191,1919,1666,1315,1072,996,701,604,337,367,99
212,212,2967,Niali ,381,163577,83228,80349,11883,12824,14873,15324,15593,15033,12957,12652,11084,9620,7595,6192,5755,4051,3492,1947,2123,572
213,213,2968,Cuttack (M Corp.),381,676714,350720,325994,49161,53053,61533,63396,64507,62192,53605,52342,45857,39798,31423,25616,23809,16760,14447,8056,8782,2368
214,214,2969,Sukinda,382,90264,45973,44291,7457,8009,8981,8611,8791,8049,6718,6457,5591,4914,3991,3281,3154,2129,1865,968,1044,244
215,215,2970,Tomka,382,51466,26325,25141,4252,4566,5120,4909,5012,4589,3830,3682,3188,2802,2275,1870,1798,1214,1063,552,595,139
216,216,2971,Kaliapani ,382,43273,22153,21120,3575,3839,4305,4128,4214,3859,3220,3095,2680,2355,1913,1573,1512,1020,894,464,500,117
217,217,2972,Kalinganagar ,382,55516,28155,27361,4586,4926,5523,5296,5407,4950,4132,3971,3439,3022,2454,2018,1939,1309,1147,595,642,150
218,218,2973,Jakhapura,382,19575,9886,9689,1617,1737,1947,1867,1906,1745,1456,1400,1212,1065,865,711,684,461,404,210,226,52
219,219,2974,Jajapur Road ,382,110429,56933,53496,9123,9799,10987,10535,10756,9848,8219,7900,6840,6012,4883,4014,3858,2604,2282,1185,1278,298
220,220,2975,Korai ,382,108835,55283,53552,8991,9657,10829,10382,10600,9706,8100,7786,6742,5925,4812,3956,3803,2567,2249,1168,1259,294
221,221,2976,Panikoili ,382,73459,37680,35779,6069,6518,7309,7008,7155,6551,5467,5255,4550,3999,3248,2670,2566,1732,1518,788,850,198
222,222,2977,Jajapur    ,382,151509,77356,74153,12517,13444,15075,14454,14757,13511,11276,10839,9385,8248,6699,5507,5294,3573,3132,1626,1753,410
223,223,2978,Jajpur Sadar  ,382,143554,73252,70302,11860,12738,14283,13695,13982,12802,10684,10270,8892,7815,6348,5218,5016,3386,2967,1540,1661,388
224,224,2979,Dharmasala ,382,185337,94449,90888,15312,16446,18441,17681,18052,16528,13794,13259,11481,10090,8195,6737,6476,4371,3831,1989,2145,501
225,225,2980,Jenapur  ,382,98574,50195,48379,8144,8747,9808,9404,9601,8790,7336,7052,6106,5366,4358,3583,3444,2325,2037,1057,1141,266
226,226,2981,Kuakhia  ,382,125163,63922,61241,10340,11106,12453,11940,12191,11162,9315,8954,7753,6814,5534,4550,4373,2952,2587,1343,1448,338
227,227,2982,Badachana ,382,145855,74596,71259,12050,12942,14512,13914,14206,13007,10855,10434,9035,7941,6449,5302,5096,3440,3015,1565,1688,394
228,228,2983,Balichandrapur ,382,125209,63616,61593,10344,11110,12458,11945,12195,11166,9319,8957,7756,6816,5536,4551,4375,2953,2588,1343,1449,338
229,229,2984,Binjharpur ,382,221075,109814,111261,18265,19617,21997,21090,21533,19715,16454,15816,13695,12036,9776,8036,7725,5214,4570,2372,2559,598
230,230,2985,Bari - Ramachandrapur,382,139260,69505,69755,11505,12357,13856,13285,13564,12419,10365,9963,8626,7581,6158,5062,4866,3284,2878,1494,1612,377
231,231,2986,Mangalpur ,382,164434,81276,83158,13585,14591,16361,15687,16016,14664,12238,11764,10186,8952,7271,5977,5745,3878,3399,1764,1903,445
232,232,2987,Parajang ,383,181137,92374,88763,14868,15843,17711,16966,16433,15623,14018,13698,11737,10086,8247,6969,6900,4543,3634,1689,1787,377
233,233,2988,Kamakshyanagar ,383,128953,66187,62766,10584,11279,12609,12078,11698,11122,9979,9752,8355,7180,5871,4961,4912,3234,2587,1203,1272,268
234,234,2989,Kankadahad  ,383,67421,34048,33373,5534,5897,6592,6315,6116,5815,5217,5098,4368,3754,3069,2594,2568,1691,1352,628,665,140
235,235,2990,Bhuban ,383,111283,57257,54026,9134,9733,10881,10423,10095,9598,8612,8415,7210,6196,5066,4281,4239,2791,2232,1038,1098,231
236,236,2991,Gandia ,383,115017,58629,56388,9440,10060,11246,10773,10434,9920,8901,8698,7452,6404,5236,4425,4381,2885,2307,1073,1135,239
237,237,2992,Nihalprasad ,383,58864,30032,28832,4831,5148,5755,5513,5340,5077,4555,4451,3814,3277,2680,2264,2242,1476,1180,549,580,122
238,238,2993,Tumusingha ,383,59250,30496,28754,4863,5182,5793,5549,5375,5110,4585,4480,3839,3299,2697,2279,2257,1486,1188,552,584,123
239,239,2994,Motunga ,383,68294,35566,32728,5605,5973,6677,6396,6195,5890,5285,5164,4425,3803,3109,2627,2601,1713,1370,637,674,142
240,240,2995,Bhusan Steel Limited,383,29537,16078,13459,2424,2583,2888,2766,2679,2547,2285,2233,1913,1644,1344,1136,1125,740,592,275,291,61
241,240,2995,Bhusan Steel Limited,383,29537,16078,13459,2475,2679,3112,2829,2777,2553,2306,2222,1911,1617,1272,1024,1005,641,512,226,267,99
242,245,2995,Bhusan Steel Limited,384,29537,16078,13459,2424,2583,2888,2766,2679,2547,2285,2233,1913,1644,1344,1136,1125,740,592,275,291,61
243,245,2995,Bhusan Steel Limited,384,29537,16078,13459,2475,2679,3112,2829,2777,2553,2306,2222,1911,1617,1272,1024,1005,641,512,226,267,99
244,241,2996,Balimi ,383,52411,26844,25567,4301,4584,5124,4909,4754,4520,4056,3963,3396,2918,2386,2016,1996,1314,1051,488,517,109
245,242,2997,Hindol ,383,48630,24791,23839,3991,4253,4755,4555,4411,4194,3763,3677,3151,2708,2214,1871,1852,1219,975,453,479,101
246,243,2998,Rasol ,383,81328,41404,39924,6675,7113,7952,7617,7378,7014,6293,6150,5269,4528,3702,3129,3098,2039,1631,758,802,169
247,244,2999,Dhenkanal Sadar ,383,311467,160918,150549,25565,27243,30455,29174,28257,26864,24104,23555,20181,17344,14181,11984,11865,7812,6248,2905,3073,648
248,246,3000,Palalahada ,384,74907,38058,36849,6277,6794,7892,7176,7045,6476,5849,5636,4848,4101,3227,2597,2549,1627,1299,575,679,252
249,247,3001,Khamar ,384,71563,36437,35126,5997,6491,7540,6856,6730,6187,5588,5384,4632,3918,3083,2481,2435,1554,1241,549,648,241
250,248,3002,Rengali Damsite ,384,42695,22286,20409,3578,3872,4498,4090,4015,3691,3334,3212,2763,2337,1839,1480,1452,927,740,327,387,143
251,249,3003,Kaniha ,384,62826,32845,29981,5265,5698,6619,6019,5908,5431,4906,4727,4066,3439,2707,2178,2137,1365,1089,482,569,211
252,250,3004,N.T.P.C.   ,384,18720,9797,8923,1568,1698,1972,1793,1760,1618,1461,1408,1211,1024,806,649,637,406,324,143,169,63
253,251,3005,Samal Barrage ,384,35455,18512,16943,2971,3216,3735,3396,3334,3065,2768,2667,2295,1941,1527,1229,1206,770,615,272,321,119
254,252,3006,Talcher Sadar,384,110545,58187,52358,9264,10027,11647,10590,10396,9557,8632,8317,7155,6052,4763,3833,3761,2401,1917,849,1002,372
255,253,3007,Colliery ,384,69889,36843,33046,5857,6339,7363,6695,6573,6042,5457,5258,4524,3826,3011,2423,2378,1518,1212,536,633,235
256,254,3008,Bikrampur ,384,29080,15513,13567,2437,2637,3063,2785,2734,2514,2270,2188,1882,1592,1253,1008,989,631,504,223,263,97
257,255,3009,NALCO   ,384,56842,29716,27126,4763,5156,5989,5445,5346,4914,4438,4276,3679,3112,2449,1970,1934,1234,986,436,515,191
258,256,3010,Banarpal,384,88883,45917,42966,7449,8062,9365,8515,8359,7684,6941,6687,5753,4866,3829,3081,3024,1931,1542,682,805,299
259,257,3011,Anugul ,384,175127,91620,83507,14677,15885,18452,16777,16470,15140,13675,13176,11336,9588,7546,6072,5959,3804,3038,1345,1588,589
260,258,3012,Jarapada ,384,69209,35250,33959,5800,6277,7292,6630,6509,5983,5404,5207,4479,3789,2982,2399,2355,1503,1200,531,627,233
261,259,3013,Industrial  ,384,38719,19747,18972,3245,3512,4079,3709,3641,3347,3023,2913,2506,2119,1668,1342,1317,841,671,297,351,130
262,260,3014,Chhendipada ,384,117130,60024,57106,9816,10624,12341,11221,11016,10126,9146,8813,7581,6413,5047,4061,3985,2544,2032,899,1062,394
263,261,3015,Handapa,384,58247,29629,28618,4881,5283,6137,5580,5478,5035,4548,4382,3770,3189,2509,2019,1982,1265,1010,447,528,196
264,262,3016,Kishorenagar ,384,63667,31811,31856,5335,5775,6708,6099,5987,5504,4971,4790,4121,3485,2743,2207,2166,1383,1104,489,577,214
265,263,3017,Athmallik ,384,64265,32436,31829,5386,5829,6771,6156,6044,5556,5018,4835,4159,3518,2769,2228,2186,1396,1114,493,582,216
266,264,3018,Kiakata,384,17803,8883,8920,1492,1614,1875,1705,1674,1539,1390,1339,1152,974,767,617,605,386,308,136,161,59
267,265,3019,Thakurgarh ,384,56304,27979,28325,4718,5107,5932,5394,5295,4867,4396,4236,3644,3082,2426,1952,1916,1223,976,432,510,189
268,266,3020,Purunakot ,384,33316,16730,16586,2792,3022,3510,3191,3133,2880,2601,2506,2156,1824,1435,1155,1133,723,578,255,302,112
269,267,3021,Bantala ,384,80919,41048,39871,6781,7340,8525,7752,7610,6996,6319,6088,5237,4430,3486,2805,2753,1758,1403,621,733,272
270,268,3022,Gania ,385,41986,21881,20105,3236,3651,4111,3711,3575,3610,3188,3189,2694,2356,1909,1722,1775,1167,946,488,580,68
271,269,3023,Dasapalla ,385,84569,43839,40730,6519,7355,8281,7475,7201,7272,6421,6424,5427,4747,3845,3470,3575,2352,1905,982,1170,138
272,270,3024,Banigochha ,385,28729,14309,14420,2214,2498,2813,2539,2446,2470,2181,2182,1843,1612,1306,1178,1214,799,647,333,397,46
273,271,3025,Nuagaon ,385,48015,24821,23194,3701,4175,4701,4244,4088,4129,3646,3647,3081,2695,2183,1970,2030,1335,1082,558,664,78
274,272,3026,Khandapada ,385,104909,54985,49924,8087,9124,10273,9273,8933,9022,7966,7970,6732,5888,4770,4304,4436,2917,2364,1219,1451,171
275,273,3027,Fategarh,385,136968,71594,65374,10559,11912,13412,12107,11663,11779,10400,10405,8789,7688,6228,5620,5791,3809,3086,1592,1895,223
276,274,3028,Nayagarh ,385,65461,34735,30726,5046,5693,6410,5786,5574,5629,4970,4973,4200,3674,2976,2686,2767,1820,1475,760,905,106
277,275,3029,Itamati ,385,78115,41420,36695,6022,6793,7649,6905,6651,6717,5931,5934,5012,4384,3552,3205,3303,2172,1760,907,1080,127
278,276,3030,Nayagarh Sadar,385,53403,28200,25203,4117,4644,5229,4720,4547,4592,4055,4057,3427,2997,2428,2191,2258,1485,1203,620,738,87
279,277,3031,Odagaon,385,126512,66025,60487,9753,11003,12388,11183,10772,10879,9606,9611,8118,7101,5753,5191,5349,3518,2851,1470,1750,206
280,278,3032,Sarankul,385,116570,61763,54807,8986,10138,11415,10304,9926,10024,8851,8856,7480,6543,5301,4783,4929,3242,2627,1354,1612,190
281,279,3033,Ranapur ,385,164557,84486,80071,12686,14311,16114,14546,14012,14151,12495,12501,10560,9236,7483,6752,6958,4576,3708,1912,2276,268
282,280,3034,Bolagad ,386,105850,54640,51210,7740,8746,9595,9931,10489,9884,8738,8504,7247,6223,4871,3912,3424,2243,1839,960,1162,334
283,281,3035,Begunia,386,113279,57973,55306,8284,9360,10268,10628,11225,10578,9351,9101,7756,6660,5213,4187,3664,2401,1968,1027,1243,357
284,282,3036,Khordha ,386,163190,84350,78840,11934,13485,14793,15310,16172,15239,13471,13111,11173,9594,7509,6032,5279,3459,2835,1480,1791,514
285,283,3037,Khordha Sadar,386,72328,36935,35393,5289,5976,6556,6785,7167,6754,5970,5811,4952,4252,3328,2673,2339,1533,1256,656,794,228
286,284,3038,Chandaka,386,64667,33073,31594,4729,5343,5862,6067,6408,6039,5338,5195,4427,3802,2975,2390,2091,1370,1123,586,709,204
287,285,3039,Nandankanan,386,20600,10534,10066,1506,1702,1867,1932,2041,1923,1700,1655,1410,1211,948,761,666,436,357,186,226,65
288,286,3041,Mancheswar,386,5966,3050,2916,436,493,540,559,591,557,492,479,408,350,274,220,192,126,103,54,65,18
289,287,3042,Balianta ,386,106940,54681,52259,7820,8837,9694,10033,10597,9986,8828,8591,7321,6287,4921,3953,3459,2266,1858,970,1174,337
290,288,3043,Balipatna,386,154818,79136,75682,11321,12793,14034,14525,15342,14457,12780,12438,10600,9102,7124,5722,5008,3281,2690,1404,1699,488
291,289,3044,Lingaraj,386,221,117,104,16,18,20,20,21,20,18,17,15,12,10,8,7,4,3,2,2,0
292,290,3045,Airfield (Kapila Prasad),386,15674,8116,7558,1146,1295,1420,1470,1553,1463,1293,1259,1073,921,721,579,507,332,272,142,172,49
293,291,3046,Uttara P.S ,386,15087,7686,7401,1103,1246,1367,1415,1495,1408,1245,1212,1032,887,694,557,488,319,262,136,165,47
294,292,3047,Khandagiri ,386,2998,1546,1452,219,247,271,281,297,279,247,240,205,176,137,110,96,63,52,27,32,9
295,293,3048,Tamando ,386,19127,9790,9337,1398,1580,1733,1794,1895,1786,1578,1536,1309,1124,880,707,618,405,332,173,209,60
296,294,3049,Jatani,386,147367,75239,72128,10776,12177,13358,13826,14604,13762,12165,11839,10089,8664,6781,5447,4767,3123,2560,1336,1617,465
297,295,3050,Jankia ,386,98638,50392,48246,7213,8150,8941,9254,9774,9211,8142,7924,6753,5799,4539,3646,3190,2090,1714,894,1082,311
298,296,3051,Nirakarpur,386,44278,22754,21524,3238,3658,4013,4154,4387,4134,3655,3557,3031,2603,2037,1636,1432,938,769,401,486,139
299,297,3052,Tangi,386,177249,90537,86712,12962,14647,16067,16629,17565,16552,14632,14240,12135,10421,8156,6552,5733,3757,3080,1607,1946,559
300,298,3053,Balugaon,386,132622,68270,64352,9698,10959,12022,12442,13142,12385,10948,10655,9080,7797,6103,4902,4290,2811,2304,1203,1456,418
301,299,3054,Banapur,386,131986,66205,65781,9652,10906,11964,12383,13079,12325,10895,10604,9036,7760,6073,4878,4269,2797,2293,1197,1449,416
302,300,3055,Bhubaneswar (M.Corp.),386,1032182,545659,486523,75483,85294,93567,96841,102288,96391,85209,82928,70671,60688,47500,38155,33390,21879,17936,9363,11332,3256
303,301,3056,Delanga,387,121805,61643,60162,8669,9792,11574,11063,11643,10939,9374,9301,8316,7240,5721,4538,4372,3173,2724,1456,1578,322
304,302,3057,Pipili ,387,178041,90978,87063,12671,14313,16917,16171,17019,15989,13703,13596,12155,10583,8363,6633,6391,4638,3982,2129,2307,471
305,303,3058,Nimapada,387,231971,117712,114259,16509,18649,22042,21069,22174,20833,17853,17714,15838,13789,10896,8643,8327,6043,5188,2774,3006,614
306,304,3059,Kakatpur,387,112035,57028,55007,7973,9007,10645,10176,10709,10061,8622,8555,7649,6659,5262,4174,4022,2918,2506,1340,1452,296
307,305,3060,Astaranga,387,75505,38297,37208,5373,6070,7174,6858,7217,6781,5811,5766,5155,4488,3546,2813,2710,1966,1688,903,978,200
308,306,3061,Konark,387,61297,31247,30050,4362,4928,5824,5567,5859,5505,4717,4680,4185,3643,2879,2283,2200,1596,1371,733,794,162
309,307,3062,Gop,387,135595,68719,66876,9650,10901,12884,12316,12961,12177,10436,10354,9257,8060,6369,5052,4867,3532,3033,1621,1757,359
310,308,3063,Ramachandi,387,25111,12732,12379,1787,2018,2386,2280,2400,2255,1932,1917,1714,1492,1179,935,901,654,561,300,325,66
311,309,3064,Satyabadi,387,218593,111003,107590,15557,17574,20770,19854,20895,19631,16824,16693,14924,12993,10268,8144,7847,5694,4889,2614,2833,579
312,310,3065,Chandanpur ,387,98024,50013,48011,6976,7880,9314,8903,9370,8803,7544,7485,6692,5826,4604,3652,3519,2553,2192,1172,1270,259
313,311,3066,Sadar ,387,120071,60991,59080,8545,9653,11409,10906,11477,10783,9241,9169,8198,7137,5640,4473,4310,3127,2685,1436,1556,318
314,312,3067,Brahmagiri,387,147469,74680,72789,10495,11855,14012,13394,14097,13244,11350,11261,10068,8766,6927,5494,5294,3841,3298,1763,1911,390
315,313,3068,Gadisagada,387,80099,40409,39690,5700,6439,7611,7275,7656,7193,6164,6116,5468,4761,3762,2984,2875,2086,1791,958,1038,212
316,314,3069,Krushna Prasad ,387,64089,33008,31081,4561,5152,6089,5821,6126,5755,4932,4894,4375,3809,3010,2387,2300,1669,1433,766,830,169
317,315,3070,Puri (M),387,223528,116004,107524,15908,17970,21239,20303,21367,20075,17203,17069,15261,13287,10500,8328,8024,5823,4999,2673,2897,592
318,316,3071,Tarasingi,388,94941,47905,47036,7774,9154,10436,9470,8598,7838,6893,6831,6059,5093,4078,3260,3326,2198,1846,836,950,290
319,317,3072,Buguda,388,152176,75495,76681,12461,14673,16728,15180,13781,12563,11049,10949,9712,8164,6536,5226,5331,3524,2959,1341,1524,465
320,318,3073,Jagannath Prasad,388,89265,44896,44369,7309,8607,9812,8904,8084,7369,6481,6422,5697,4789,3834,3065,3127,2067,1736,786,894,273
321,319,3074,Bhanjanagar,388,198007,99384,98623,16214,19093,21767,19752,17932,16347,14377,14247,12637,10623,8505,6800,6936,4585,3851,1745,1983,605
322,320,3075,Gangapur,388,127897,63084,64813,10473,12332,14059,12758,11582,10559,9287,9202,8163,6861,5493,4392,4480,2961,2487,1127,1281,391
323,321,3076,Surada,388,97960,49330,48630,8021,9445,10768,9772,8871,8087,7113,7048,6252,5255,4207,3364,3431,2268,1905,863,981,299
324,322,3077,Badagada,388,140584,70123,70461,11512,13556,15454,14024,12731,11606,10208,10115,8972,7542,6038,4828,4925,3255,2734,1239,1408,429
325,323,3078,Asika,388,160619,80721,79898,13152,15487,17656,16022,14546,13260,11663,11557,10251,8617,6899,5516,5627,3719,3124,1415,1608,491
326,324,3079,Dharakote,388,64270,32268,32002,5263,6197,7065,6411,5820,5306,4666,4624,4102,3448,2760,2207,2251,1488,1250,566,643,196
327,325,3080,Kabisuryanagar,388,197342,98740,98602,16160,19028,21693,19685,17871,16292,14329,14199,12595,10587,8476,6777,6913,4570,3838,1739,1976,603
328,326,3081,Polasara,388,152724,77033,75691,12506,14726,16789,15235,13831,12609,11089,10989,9747,8193,6560,5245,5350,3536,2970,1346,1529,467
329,327,3082,Kodala,388,169052,85438,83614,13843,16301,18584,16863,15309,13957,12275,12163,10789,9069,7261,5805,5922,3915,3288,1490,1693,517
330,328,3083,Khalikote,388,163907,84398,79509,13422,15804,18018,16350,14843,13532,11901,11793,10461,8793,7040,5629,5742,3795,3187,1444,1641,501
331,329,3084,Rambha,388,106870,53859,53011,8751,10305,11748,10660,9678,8823,7760,7689,6820,5733,4590,3670,3744,2475,2078,942,1070,326
332,330,3085,Chhatrapur,388,105779,53031,52748,8662,10199,11628,10552,9579,8733,7680,7611,6751,5675,4543,3632,3705,2449,2057,932,1059,323
333,331,3086,Ganjam,388,50545,25105,25440,4139,4873,5556,5042,4577,4173,3670,3636,3226,2711,2171,1735,1770,1170,983,445,506,154
334,332,3087,Chamakhandi,388,53889,26758,27131,4412,5196,5924,5375,4880,4449,3913,3877,3439,2891,2314,1850,1887,1248,1048,475,539,164
335,333,3088,Arjyapalli Marine,388,8939,4465,4474,732,861,982,891,809,738,649,643,570,479,383,307,313,207,173,78,89,27
336,334,3089,Purusottampur,388,178605,88601,90004,14625,17222,19634,17816,16174,14745,12969,12851,11399,9582,7671,6134,6257,4136,3473,1574,1788,546
337,335,3090,Hinjili,388,181856,91172,90684,14892,17535,19991,18141,16469,15014,13205,13085,11606,9756,7811,6245,6371,4211,3537,1603,1821,556
338,336,3091,Patapur,388,149228,76094,73134,12220,14389,16404,14886,13514,12320,10835,10737,9524,8006,6410,5125,5228,3455,2902,1315,1494,456
339,337,3092,Seragad,388,73986,37731,36255,6058,7134,8133,7380,6700,6108,5372,5323,4722,3969,3178,2540,2592,1713,1439,652,741,226
340,338,3093,Brahmapur Sadar,388,160611,82334,78277,13152,15487,17656,16021,14545,13260,11662,11556,10251,8616,6898,5516,5626,3719,3123,1415,1608,491
341,339,3094,Gopalpur,388,75922,39308,36614,6217,7320,8346,7573,6875,6268,5512,5462,4845,4073,3261,2607,2659,1758,1476,669,760,232
342,340,3095,Golanthara,388,164878,81968,82910,13501,15898,18125,16447,14931,13612,11972,11863,10523,8845,7082,5662,5776,3818,3206,1453,1651,504
343,341,3096,Digapahandi,388,153323,76792,76531,12555,14784,16854,15294,13885,12658,11133,11032,9785,8225,6585,5265,5371,3550,2982,1351,1535,468
344,342,3097,Nuagaon,388,127848,64090,63758,10469,12327,14054,12753,11578,10555,9283,9199,8159,6859,5491,4390,4479,2960,2486,1126,1280,391
345,343,3098,Jarada,388,128702,62792,65910,10539,12410,14148,12838,11655,10625,9345,9260,8214,6904,5528,4420,4508,2980,2503,1134,1289,393
346,344,3099,Brahmapur (M.Corp.),388,398390,207523,190867,32623,38415,43795,39741,36079,32891,28928,28665,25427,21373,17112,13682,13957,9226,7748,3511,3990,1218
347,345,3109,Ramagiri,388,14508,7301,7207,1188,1398,1594,1447,1313,1197,1053,1043,925,778,623,498,508,335,282,127,145,44
348,345,3109,Ramagiri,388,14508,7301,7207,1470,1804,1676,1373,1218,1128,979,1001,888,747,573,450,484,280,196,73,76,83
349,355,3109,Ramagiri,389,14508,7301,7207,1188,1398,1594,1447,1313,1197,1053,1043,925,778,623,498,508,335,282,127,145,44
350,355,3109,Ramagiri,389,14508,7301,7207,1470,1804,1676,1373,1218,1128,979,1001,888,747,573,450,484,280,196,73,76,83
351,346,3100,Adva ,389,65640,31952,33688,6653,8163,7583,6214,5513,5107,4430,4529,4021,3381,2596,2040,2190,1270,890,331,344,376
352,347,3101,Mohana ,389,82337,40373,41964,8346,10240,9512,7795,6915,6406,5557,5681,5044,4242,3257,2558,2748,1593,1116,416,431,472
353,348,3102,R.Udaygiri ,389,95515,46790,48725,9682,11879,11034,9042,8022,7431,6447,6591,5851,4921,3778,2968,3188,1848,1295,482,500,547
354,349,3103,Serango ,389,86085,41844,44241,8726,10706,9945,8149,7230,6697,5810,5940,5273,4435,3405,2675,2873,1665,1167,435,451,493
355,350,3104,Kashinagara ,389,57494,28258,29236,5828,7150,6642,5443,4829,4473,3880,3967,3522,2962,2274,1786,1918,1112,779,290,301,329
356,351,3105,Parlakhemundi ,389,86002,43061,42941,8717,10696,9935,8142,7223,6691,5805,5934,5268,4430,3402,2672,2870,1664,1166,434,450,493
357,352,3106,Gurandi,389,49855,24335,25520,5053,6200,5759,4719,4187,3878,3365,3440,3054,2568,1972,1549,1664,964,676,252,261,286
358,353,3107,Rayagada ,389,51168,24556,26612,5186,6363,5911,4844,4297,3981,3453,3530,3134,2636,2024,1590,1707,990,694,258,268,293
359,354,3108,Garabandha,389,32667,16046,16621,3311,4062,3773,3092,2743,2541,2204,2254,2001,1683,1292,1015,1090,632,443,165,171,187
360,356,3110,Gochhapada,390,40258,19670,20588,4097,4999,4744,3539,3418,3177,2597,2638,2436,2072,1633,1350,1595,865,564,229,228,67
361,357,3111,Phulabani ,390,47235,23400,23835,4807,5866,5566,4152,4010,3728,3048,3095,2859,2431,1916,1584,1872,1015,662,269,267,79
362,358,3112,Phulabani Town  ,390,43808,22631,21177,4458,5440,5162,3851,3719,3457,2827,2870,2651,2255,1777,1469,1736,941,614,250,248,73
363,359,3113,Khajuripada,390,48138,23949,24189,4899,5978,5673,4231,4087,3799,3106,3154,2913,2478,1952,1614,1907,1034,675,274,272,81
364,360,3114,G.Udayagiri,390,55248,26590,28658,5623,6861,6511,4857,4691,4360,3565,3620,3344,2844,2241,1853,2189,1187,775,315,313,93
365,361,3115,Tikabali,390,55093,26856,28237,5607,6842,6492,4843,4678,4348,3555,3610,3334,2836,2234,1848,2183,1184,773,314,312,92
366,362,3116,Chakapada ,390,25734,12804,12930,2619,3195,3032,2262,2185,2031,1660,1686,1557,1324,1043,863,1019,553,361,146,145,43
367,363,3117,Sarangagarh ,390,39966,19611,20355,4067,4963,4710,3513,3393,3154,2579,2619,2419,2057,1621,1340,1583,859,560,228,226,67
368,364,3118,Phiringia ,390,60591,29535,31056,6167,7524,7140,5326,5145,4782,3910,3970,3667,3119,2457,2032,2401,1302,850,345,343,102
369,365,3119,Baliguda,390,109807,53877,55930,11176,13637,12940,9653,9324,8666,7086,7196,6646,5653,4454,3683,4351,2360,1540,626,622,185
370,366,3120,Nuagaon,390,21902,10600,11302,2229,2720,2581,1925,1859,1728,1413,1435,1325,1127,888,734,868,470,307,125,124,36
371,367,3121,Tumudibandha,390,32278,15962,16316,3285,4008,3804,2837,2740,2547,2082,2115,1953,1661,1309,1082,1279,693,452,184,183,54
372,368,3122,Belaghar ,390,22062,10610,11452,2245,2739,2600,1939,1873,1741,1423,1445,1335,1135,894,740,874,474,309,125,125,37
373,369,3123,Kotagarh ,390,54178,26691,27487,5514,6728,6384,4762,4600,4276,3496,3550,3279,2789,2197,1817,2147,1164,760,309,307,91
374,370,3124,Brahmanigaon ,390,41289,20087,21202,4202,5127,4865,3629,3506,3258,2664,2705,2499,2125,1674,1385,1636,887,579,235,234,69
375,371,3125,Daringbadi ,390,71849,35065,36784,7312,8923,8467,6316,6101,5670,4636,4708,4349,3698,2914,2410,2847,1544,1008,410,407,121
376,372,3126,Raikia,390,59753,29179,30574,6081,7420,7041,5253,5073,4716,3855,3915,3616,3076,2423,2004,2368,1284,838,341,338,100
377,373,3127,Kantamal ,391,87947,43948,43999,8759,9096,10430,8080,7204,6957,6193,6224,5304,4519,3586,3121,3375,2057,1541,622,654,214
378,374,3128,Manamunda,391,120573,60319,60254,12008,12471,14299,11078,9877,9538,8490,8534,7272,6195,4917,4278,4628,2821,2113,853,897,294
379,375,3129,Baunsuni ,391,49735,24995,24740,4953,5144,5898,4569,4074,3934,3502,3520,2999,2555,2028,1765,1909,1163,871,352,370,121
380,376,3130,Baudh Sadar ,391,155953,78894,77059,15532,16130,18495,14329,12776,12336,10981,11038,9406,8013,6360,5534,5986,3648,2733,1104,1160,381
381,377,3131,Puruna Katak ,391,41869,20666,21203,4170,4330,4965,3847,3430,3312,2948,2963,2525,2151,1707,1485,1607,979,733,296,311,102
382,378,3132,Harbhanga ,391,44664,22734,21930,4448,4619,5297,4103,3658,3533,3145,3161,2694,2295,1821,1585,1714,1045,782,316,332,109
383,379,3133,Dunguripali ,392,128123,65408,62715,11236,11190,13216,13570,11906,10597,9138,8883,7709,6553,5457,4739,5195,3504,2549,1087,1288,296
384,380,3134,Rampur ,392,47850,24722,23128,4196,4179,4936,5068,4446,3957,3412,3317,2879,2447,2038,1770,1940,1308,952,405,481,110
385,381,3135,Binika,392,106998,54885,52113,9383,9345,11037,11333,9943,8850,7631,7418,6438,5473,4557,3958,4338,2926,2128,907,1075,247
386,382,3136,Ulunda,392,45683,23193,22490,4006,3990,4712,4838,4245,3778,3258,3167,2748,2336,1945,1689,1852,1249,908,387,459,105
387,383,3137,Biramaharajpur,392,111170,56772,54398,9749,9709,11467,11775,10331,9195,7929,7707,6689,5686,4735,4112,4507,3040,2211,943,1117,257
388,384,3138,Subalaya,392,48236,24714,23522,4230,4213,4975,5109,4482,3989,3440,3344,2902,2467,2054,1784,1955,1319,959,409,485,111
389,385,3139,Sonapur,392,66939,34227,32712,5870,5846,6905,7090,6220,5536,4774,4641,4028,3424,2851,2476,2714,1830,1331,567,673,154
390,386,3140,Tarbha,392,120625,60779,59846,10578,10535,12443,12776,11210,9977,8603,8363,7258,6170,5138,4462,4891,3299,2399,1023,1213,279
391,387,3141,Loisinga ,393,168988,85151,83837,15692,15991,17240,16141,14346,13230,12000,11971,10787,9307,7499,6326,6837,4558,3409,1483,1743,418
392,388,3142,Balangir,393,361579,184188,177391,33577,34217,36889,34537,30696,28309,25676,25615,23082,19914,16045,13536,14629,9754,7294,3173,3730,895
393,389,3143,Tushura,393,204543,102757,101786,18994,19356,20867,19537,17364,16014,14525,14490,13057,11265,9077,7657,8276,5517,4126,1795,2110,506
394,390,3144,Patnagarh,393,186079,93575,92504,17279,17609,18984,17773,15797,14569,13213,13182,11878,10248,8257,6966,7528,5019,3754,1633,1919,460
395,391,3145,Khaprakhol ,393,99293,49076,50217,9220,9396,10130,9484,8429,7774,7051,7034,6338,5468,4406,3717,4017,2678,2003,871,1024,245
396,392,3146,Turekela ,393,57951,28736,29215,5381,5484,5912,5535,4919,4537,4115,4105,3699,3191,2571,2169,2344,1563,1169,508,597,143
397,393,3147,Belpara ,393,128385,64214,64171,11922,12149,13098,12263,10899,10051,9116,9095,8195,7071,5697,4806,5194,3463,2590,1126,1324,317
398,394,3148,Saintala,393,164706,83010,81696,15295,15586,16803,15732,13982,12895,11696,11668,10514,9071,7309,6166,6664,4443,3322,1445,1699,407
399,395,3149,Kantabanji,393,79721,40114,39607,7403,7544,8133,7614,6768,6241,5661,5647,5089,4390,3537,2984,3225,2150,1608,699,822,197
400,396,3150,Bangomunda,393,82445,41609,40836,7656,7802,8411,7874,6999,6455,5854,5840,5263,4540,3658,3086,3335,2224,1663,723,850,204
401,397,3151,Sindhekela ,393,109195,54854,54341,10140,10333,11140,10430,9270,8549,7754,7735,6970,6014,4845,4088,4418,2945,2202,958,1126,270
402,398,3152,Titlagarh ,393,180036,90368,89668,16718,17037,18367,17196,15284,14096,12784,12754,11493,9915,7989,6740,7284,4856,3632,1580,1857,445
403,399,3153,Jonk,394,83862,41486,42376,8531,8961,9372,7391,6699,6318,5767,5616,5104,4488,3562,3001,3692,2214,1537,656,767,178
404,400,3154,Nuapada,394,110603,54557,56046,11251,11818,12360,9747,8835,8333,7606,7406,6732,5920,4698,3958,4869,2920,2028,865,1012,235
405,401,3155,Komna,394,141225,69560,71665,14366,15090,15783,12446,11281,10640,9712,9457,8596,7559,5999,5054,6218,3728,2589,1105,1292,301
406,402,3156,Khariar,394,140815,70259,70556,14324,15046,15737,12410,11248,10609,9684,9430,8571,7537,5982,5039,6200,3717,2582,1102,1289,300
407,403,3157,Boden,394,85119,41720,43399,8658,9095,9512,7501,6799,6413,5853,5700,5181,4556,3616,3046,3747,2247,1561,666,779,181
408,404,3158,Sinapali,394,116025,57657,58368,11803,12397,12966,10225,9268,8741,7979,7769,7062,6210,4929,4152,5108,3063,2127,908,1062,247
409,405,3159,Kesinga,395,160748,81009,79739,15796,17233,17846,14011,12633,12202,11488,11667,10328,8901,7071,5765,6140,3854,2780,1197,1278,550
410,406,3160,Madanpur Rampur ,395,156856,78518,78338,15414,16816,17414,13671,12327,11907,11209,11384,10078,8685,6899,5625,5991,3760,2713,1168,1247,536
411,407,3161,Narala ,395,124513,62309,62204,12235,13349,13823,10852,9785,9451,8898,9037,8000,6894,5477,4465,4756,2985,2154,927,990,426
412,408,3162,Lanjigarh  ,395,53957,26785,27172,5302,5784,5990,4702,4240,4095,3856,3916,3466,2987,2373,1935,2061,1293,933,402,429,184
413,409,3163,Biswanathpur ,395,26603,12923,13680,2614,2852,2953,2318,2090,2019,1901,1930,1709,1473,1170,954,1016,637,460,198,211,91
414,410,3164,Sadar,395,249249,125672,123577,24493,26722,27672,21724,19589,18920,17812,18091,16014,13801,10964,8939,9520,5976,4312,1857,1982,853
415,411,3165,Kegaon ,395,116745,58442,58303,11472,12516,12961,10175,9175,8862,8343,8473,7501,6464,5135,4186,4459,2799,2019,869,928,399
416,412,3166,Junagarh,395,206555,103135,103420,20298,22145,22932,18003,16233,15679,14761,14992,13271,11437,9086,7407,7889,4952,3573,1539,1643,707
417,413,3167,Golamunda,395,88938,44621,44317,8739,9535,9874,7751,6989,6751,6356,6455,5714,4924,3912,3189,3397,2132,1538,662,707,304
418,414,3168,Dharamgarh,395,122933,61901,61032,12080,13179,13648,10715,9661,9331,8785,8922,7898,6807,5407,4408,4695,2947,2126,916,977,420
419,415,3169,Kokasara ,395,180508,89250,91258,17738,19352,20040,15733,14186,13702,12900,13101,11598,9995,7940,6473,6895,4328,3122,1345,1435,617
420,416,3170,Jayapatna,395,216960,107121,109839,21320,23260,24087,18910,17051,16469,15505,15747,13940,12013,9543,7781,8287,5202,3753,1616,1725,742
421,417,3171,Thuamul Rampur ,395,88513,43339,45174,8698,9489,9827,7714,6956,6719,6325,6424,5687,4901,3893,3174,3381,2122,1531,659,704,303
422,418,3172,Ambadala ,396,61216,30548,30668,6302,7947,6864,5476,5092,4843,4166,4243,3849,3284,2501,1812,2002,1295,777,249,267,237
423,419,3173,Muniguda,396,62024,30332,31692,6385,8052,6955,5549,5159,4907,4221,4299,3900,3328,2535,1836,2028,1312,787,252,271,240
424,420,3174,Chandrapur,396,32512,16213,16299,3347,4221,3646,2908,2704,2572,2212,2253,2044,1744,1328,962,1063,687,413,132,142,125
425,421,3175,Bishamakatak,396,98701,47087,51614,10162,12814,11068,8830,8210,7809,6717,6841,6206,5295,4034,2922,3227,2088,1253,401,432,382
426,422,3176,Kalyanasingpur ,396,74147,34961,39186,7634,9626,8315,6633,6167,5867,5046,5139,4662,3978,3030,2195,2424,1568,942,301,324,287
427,423,3177,Kashipur ,396,79215,38247,40968,8155,10284,8883,7087,6589,6268,5391,5490,4981,4250,3237,2345,2590,1675,1006,322,346,306
428,424,3178,Andirakanch ,396,17134,8365,8769,1764,2224,1921,1532,1425,1355,1166,1187,1077,919,700,507,560,362,217,69,75,66
429,425,3179,Tikiri ,396,39725,19625,20100,4090,5157,4454,3554,3304,3143,2703,2753,2497,2131,1623,1176,1299,840,504,161,173,153
430,426,3180,Doraguda ,396,21850,10451,11399,2249,2836,2450,1954,1817,1728,1487,1514,1373,1172,893,646,714,462,277,88,95,84
431,427,3181,Rayagada ,396,249875,122756,127119,25727,32442,28021,22355,20785,19771,17007,17319,15712,13407,10212,7398,8172,5286,3174,1017,1093,968
432,428,3182,Seskhal ,396,53436,25349,28087,5501,6937,5992,4780,4445,4228,3636,3703,3360,2867,2184,1582,1747,1130,678,217,233,207
433,429,3183,Gunupur,396,128977,63117,65860,13279,16745,14463,11539,10728,10205,8778,8939,8110,6920,5271,3818,4218,2728,1638,525,564,499
434,430,3184,Gudari ,396,73582,36241,37341,7575,9553,8251,6583,6120,5822,5008,5100,4626,3948,3007,2178,2406,1556,934,299,322,285
435,431,3185,Padmapur,396,50284,24890,25394,5177,6528,5639,4498,4182,3978,3422,3485,3161,2698,2055,1488,1644,1063,638,204,220,194
436,432,3186,Puttasing ,396,44233,21805,22428,4554,5743,4960,3957,3679,3500,3010,3065,2781,2373,1807,1309,1446,935,561,180,193,171
437,433,3187,Raighar ,397,153253,76711,76542,17955,19994,17886,13216,12291,12194,10402,10408,8774,7763,5786,4516,4708,3038,1986,743,778,806
438,434,3188,Kundei ,397,57385,28856,28529,6723,7486,6697,4948,4602,4566,3895,3897,3285,2906,2166,1691,1763,1137,743,278,291,302
439,435,3189,Umarkote,397,236429,117968,118461,27700,30845,27593,20388,18962,18812,16048,16057,13536,11976,8927,6968,7264,4688,3064,1146,1200,1244
440,436,3190,Chandahandi ,397,84872,41843,43029,9943,11072,9905,7319,6807,6753,5760,5764,4859,4299,3204,2501,2607,1682,1100,411,430,446
441,437,3191,Jharigan,397,95262,46968,48294,11161,12428,11118,8215,7640,7580,6466,6469,5454,4825,3597,2807,2927,1888,1234,462,483,501
442,438,3192,Dabugan,397,178325,87843,90482,20893,23265,20812,15378,14302,14189,12104,12111,10209,9033,6733,5255,5479,3535,2311,864,905,938
443,439,3193,Paparahandi,397,114419,56400,58019,13405,14927,13353,9867,9176,9104,7766,7771,6551,5796,4320,3372,3515,2268,1483,554,580,602
444,440,3194,Kodinga,397,121620,60266,61354,14249,15867,14194,10488,9754,9677,8255,8260,6963,6160,4592,3584,3736,2411,1576,589,617,640
445,441,3195,Kosagumuda ,397,106922,52755,54167,12527,13949,12478,9220,8575,8507,7257,7261,6121,5416,4037,3151,3285,2120,1385,518,542,562
446,442,3196,Nabarangapur P.S,397,136520,67623,68897,15995,17811,15933,11773,10949,10862,9266,9272,7816,6915,5155,4023,4194,2707,1769,662,693,718
447,443,3197,Tentulikhunti ,397,80698,39590,41108,9454,10528,9418,6959,6472,6421,5477,5480,4620,4087,3047,2378,2479,1600,1046,391,409,424
448,444,3198,Khatiguda,397,35511,17287,18224,4160,4632,4144,3062,2848,2825,2410,2411,2033,1798,1340,1046,1091,704,460,172,180,186
449,445,3199,Kotpad ,398,135433,66838,68595,15105,17327,14675,11499,11134,10613,9166,9297,8413,7362,5452,4211,4877,3005,1676,572,544,496
450,446,3200,Boriguma ,398,110136,54177,55959,12283,14090,11934,9351,9054,8630,7454,7560,6842,5987,4434,3424,3966,2443,1363,465,442,403
451,447,3201,Bhairabsingipur ,398,78866,38473,40393,8796,10089,8546,6696,6483,6180,5337,5414,4899,4287,3175,2452,2840,1750,976,333,316,289
452,448,3202,Dasamantapur,398,56821,27735,29086,6337,7269,6157,4824,4671,4452,3845,3900,3529,3089,2287,1766,2046,1260,703,240,228,208
453,449,3203,Lakshmipur,398,45058,22215,22843,5025,5764,4882,3825,3704,3531,3049,3093,2799,2449,1814,1401,1622,999,557,190,181,165
454,450,3204,Narayanpatana ,398,48801,23883,24918,5442,6243,5288,4143,4012,3824,3302,3350,3031,2653,1964,1517,1757,1082,604,206,196,178
455,451,3205,Bandhugaon ,398,66047,31874,34173,7366,8449,7156,5608,5430,5175,4470,4534,4103,3590,2659,2053,2378,1465,817,279,265,242
456,452,3206,Kakiriguma ,398,28367,13653,14714,3163,3629,3073,2408,2332,2223,1919,1947,1762,1542,1142,882,1021,629,351,119,113,104
457,453,3207,Koraput ,398,76372,36827,39545,8517,9770,8275,6484,6278,5985,5168,5242,4744,4152,3074,2374,2750,1694,945,322,306,280
458,454,3208,Koraput Town ,398,61408,31409,29999,6848,7856,6654,5214,5048,4812,4156,4215,3814,3338,2472,1909,2211,1362,760,259,246,225
459,455,3209,Jeypore ,398,203724,101162,102562,22721,26064,22075,17298,16749,15965,13788,13985,12656,11075,8202,6334,7336,4520,2522,861,818,747
460,456,3210,Kundura,398,63879,31168,32711,7124,8172,6922,5424,5251,5005,4323,4385,3968,3472,2571,1986,2300,1417,790,270,256,234
461,457,3211,Boipariguda ,398,140370,68568,71802,15655,17958,15210,11918,11540,11000,9500,9636,8720,7631,5651,4364,5055,3114,1738,593,563,514
462,458,3212,Machh kund ,398,46066,22472,23594,5137,5893,4991,3911,3787,3610,3117,3162,2861,2504,1854,1432,1658,1022,570,194,185,168
463,459,3213,Padua ,398,61105,29616,31489,6815,7817,6621,5188,5023,4788,4135,4194,3796,3322,2460,1900,2200,1355,756,258,245,224
464,460,3214,Nandapur,398,81284,39558,41726,9065,10399,8808,6901,6682,6369,5501,5580,5049,4419,3272,2527,2927,1803,1006,343,326,298
465,461,3215,Similiguda ,398,24915,12071,12844,2778,3187,2699,2115,2048,1952,1686,1710,1547,1354,1003,774,897,552,308,105,100,91
466,462,3216,Sunabeda,398,73540,37748,35792,8202,9408,7968,6244,6046,5763,4977,5048,4568,3998,2960,2286,2648,1631,910,310,295,269
467,463,3217,Damonjodi,398,32961,16741,16220,3676,4216,3571,2798,2709,2583,2230,2262,2047,1791,1327,1024,1186,731,408,139,132,120
468,464,3218,Pottangi ,398,98698,48578,50120,11007,12627,10695,8380,8114,7734,6679,6775,6131,5365,3973,3069,3554,2190,1222,417,396,361
469,465,3219,Kotiya ,398,11270,5461,5809,1256,1441,1221,956,926,883,762,773,700,612,453,350,405,250,139,47,45,41
470,466,3220,Malkangiri,399,199925,99694,100231,24372,27623,22739,16762,16443,16577,13643,13128,11507,9438,6892,5101,6639,4142,2529,872,975,534
471,467,3221,Mathili ,399,94755,46927,47828,11551,13092,10777,7944,7793,7857,6466,6222,5454,4473,3266,2418,3146,1963,1198,413,462,253
472,468,3222,Mudulipada ,399,33326,16012,17314,4062,4604,3790,2794,2741,2763,2274,2188,1918,1573,1148,850,1106,690,421,145,162,89
473,469,3223,Chitrakonda,399,37788,18282,19506,4606,5221,4298,3168,3107,3133,2578,2481,2175,1783,1302,964,1254,782,478,164,184,101
474,470,3224,Paparmetla ,399,17142,8443,8699,2089,2368,1949,1437,1409,1421,1169,1125,986,809,591,437,569,355,216,74,83,45
475,471,3225,Jodamba,399,16508,8149,8359,2012,2280,1877,1384,1357,1368,1126,1084,950,779,569,421,548,342,208,72,80,44
476,472,3226,Orkel,399,83933,41032,42901,10231,11597,9546,7037,6903,6959,5727,5511,4831,3962,2893,2141,2787,1738,1061,366,409,224
477,473,3227,Kalimela ,399,86439,43136,43303,10537,11943,9831,7247,7109,7167,5898,5676,4975,4080,2980,2205,2870,1790,1093,377,421,231
478,474,3228,Podia,399,31807,15799,16008,3877,4394,3617,2666,2616,2637,2170,2088,1830,1501,1096,811,1056,658,402,138,155,85
479,475,3229,M.V. 79,399,49183,24624,24559,5995,6795,5594,4123,4045,4078,3356,3229,2831,2321,1695,1255,1633,1018,622,214,239,131
480,476,3230,Motu ,399,39248,19585,19663,4784,5422,4464,3290,3228,3254,2678,2577,2259,1852,1353,1001,1303,813,496,171,191,104
